/*
 Navicat Premium Data Transfer

 Source Server         : 139.9.130.98---yangders
 Source Server Type    : MySQL
 Source Server Version : 50646
 Source Host           : 139.9.130.98:3306
 Source Schema         : loveTravel

 Target Server Type    : MySQL
 Target Server Version : 50646
 File Encoding         : 65001

 Date: 16/07/2020 13:57:59
*/

SET NAMES utf8mb4;
SET FOREIGN_KEY_CHECKS = 0;

-- ----------------------------
-- Table structure for alipayorder
-- ----------------------------
DROP TABLE IF EXISTS `alipayorder`;
CREATE TABLE `alipayorder`  (
  `id` int(11) NOT NULL AUTO_INCREMENT,
  `out_trade_no` varchar(255) CHARACTER SET utf8 COLLATE utf8_general_ci NOT NULL COMMENT '订单号',
  `trade_no` varchar(255) CHARACTER SET utf8 COLLATE utf8_general_ci NOT NULL COMMENT '支付宝交易号',
  `total_amount` decimal(65, 0) NOT NULL COMMENT '总金额',
  `user_id` int(11) NOT NULL COMMENT '绑定用户的id',
  PRIMARY KEY (`id`) USING BTREE
) ENGINE = InnoDB AUTO_INCREMENT = 72 CHARACTER SET = utf8 COLLATE = utf8_general_ci ROW_FORMAT = Compact;

-- ----------------------------
-- Records of alipayorder
-- ----------------------------
INSERT INTO `alipayorder` VALUES (41, '157234589531908056437', '2019102922001475671000233174', 19998, 1);
INSERT INTO `alipayorder` VALUES (42, '6000001665296484', '2019122222001475671000333854', 1194, 1);
INSERT INTO `alipayorder` VALUES (43, '3000000242093993', '2019122222001442451000606414', 568, 1);
INSERT INTO `alipayorder` VALUES (44, '7000001430240108', '2019122322001475671000332763', 796, 1);
INSERT INTO `alipayorder` VALUES (45, '9000000449624053', '2019122322001475671000335370', 796, 1);
INSERT INTO `alipayorder` VALUES (46, '6000000309415864', '2019122422001475671000337194', 712, 1);
INSERT INTO `alipayorder` VALUES (47, '6000001294977038', '2019122422001475671000338513', 796, 1);
INSERT INTO `alipayorder` VALUES (48, '6000000035315675', '2019122422001475671000338514', 796, 1);
INSERT INTO `alipayorder` VALUES (49, '7000001098889692', '2019122422001475671000339873', 1068, 1);
INSERT INTO `alipayorder` VALUES (50, '5000001649293072', '2019122422001442451000608015', 199, 1);
INSERT INTO `alipayorder` VALUES (51, '7000001093219679', '2019122422001442451000608016', 199, 1);
INSERT INTO `alipayorder` VALUES (52, '8000000176315716', '2019122422001442451000608017', 1017, 1);
INSERT INTO `alipayorder` VALUES (53, '8000001066335016', '2019122522001442451000609423', 199, 1);
INSERT INTO `alipayorder` VALUES (54, '4000002072755202', '2019122522001442451000610533', 398, 1);
INSERT INTO `alipayorder` VALUES (55, '5000000074647192', '2019122522001442451000610534', 596, 1);
INSERT INTO `alipayorder` VALUES (56, '5000001410101298', '2019122522001442451000610535', 398, 1);
INSERT INTO `alipayorder` VALUES (57, '6000000498871845', '2019122522001442451000613674', 692, 1);
INSERT INTO `alipayorder` VALUES (58, '4000000601550603', '2019122622001442451000609426', 596, 1);
INSERT INTO `alipayorder` VALUES (59, '1000000630634608', '2019122622001442451000611751', 317, 1);
INSERT INTO `alipayorder` VALUES (60, '2000001786069172', '2019122722001442451000615277', 398, 1);
INSERT INTO `alipayorder` VALUES (61, '5000001202018395', '2019122722001442451000616449', 199, 1);
INSERT INTO `alipayorder` VALUES (62, '9000000872147988', '2019122722001442451000615278', 315, 1);
INSERT INTO `alipayorder` VALUES (63, '1000000640755827', '2019122722001442451000616450', 596, 1);
INSERT INTO `alipayorder` VALUES (64, '6000000586323008', '2019122722001442451000616451', 1990, 1);
INSERT INTO `alipayorder` VALUES (65, '5000001425406481', '2019122722001442451000615279', 1990, 1);
INSERT INTO `alipayorder` VALUES (66, '7000001848587098', '2019122722001442451000618123', 307, 1);
INSERT INTO `alipayorder` VALUES (67, '1000001722713084', '2019122722001452841000058159', 307, 1);
INSERT INTO `alipayorder` VALUES (68, '3000000548816894', '2020012122001442451000621295', 398, 1);
INSERT INTO `alipayorder` VALUES (69, '4000001573343174', '2020040822001442450501200290', 199, 1);
INSERT INTO `alipayorder` VALUES (70, '7000001320813588', '2020040822001442450501200155', 356, 1);
INSERT INTO `alipayorder` VALUES (71, '8000001015319749', '2020051222001442450501223305', 199, 1);

-- ----------------------------
-- Table structure for comment
-- ----------------------------
DROP TABLE IF EXISTS `comment`;
CREATE TABLE `comment`  (
  `id` int(11) NOT NULL AUTO_INCREMENT COMMENT '评论id',
  `hotel_id` int(11) NOT NULL COMMENT '宾馆id',
  `score` int(11) NOT NULL DEFAULT 5 COMMENT '评分(默认5星好评)',
  `content` varchar(255) CHARACTER SET utf8 COLLATE utf8_general_ci NULL DEFAULT '' COMMENT '评论内容',
  `roomTypeId` int(11) NULL DEFAULT NULL COMMENT '评价的房型',
  PRIMARY KEY (`id`) USING BTREE
) ENGINE = InnoDB AUTO_INCREMENT = 135 CHARACTER SET = utf8 COLLATE = utf8_general_ci ROW_FORMAT = Compact;

-- ----------------------------
-- Records of comment
-- ----------------------------
INSERT INTO `comment` VALUES (1, 1, 5, '地理位置优越，出门就是地铁。旁边购物中心可以吃饭看电影。', 4);
INSERT INTO `comment` VALUES (2, 1, 2, '服务太差，第一天定房间，携程定二天，无缘无故取消订单，我就去他们官网订了一天，等到前台说房源充足，携程说是酒店问题，酒店说携程问题，互相推，第二天我出去，回来六点多房间没打扫，也是醉了', 2);
INSERT INTO `comment` VALUES (3, 1, 5, '位置很好，市中心，国贸商圈里。一看就是比较传统老派的酒店，装修和用色都是稳重陈实的风格。房间的面积不大，不过基础设施都够用，比较遗憾的是床头没有充电的电源，这点也能看出酒店存在的时间确实挺久的。', 1);
INSERT INTO `comment` VALUES (4, 1, 5, '地理位置好，地处市中心国贸区域，交通方便；酒店内干净整洁服务好；在北京市中心，同等酒店、携程这个价格确实亲民。', 2);
INSERT INTO `comment` VALUES (5, 1, 5, '硬件设施很好，很智能，软件没跟上，服务不行，酒店有行李车，但没有行李员抬行李。客房服务员很好，打扫卫生很及时干净。酒店地理位置很好，但没有停车位置，我是指到了酒店门口车没地儿停靠，人要马上下车，因为占用道路了。看在硬件设施和地理位置上，还是推荐一下吧。', 4);
INSERT INTO `comment` VALUES (6, 1, 5, '不错，时尚，符合年亲人口味。卫生啥的，地段都不错。面积小了点，一分钱一分货，帝都寸土寸金，也能理解？', 1);
INSERT INTO `comment` VALUES (7, 1, 3, '房间有很臭的味道！！！为了体谅你们就将就住了。由于行程原因需要晚退房，你一个主流公司竟然要12点退房，我可以多交半天房费，又竟然要收我242的房费，你全天房费是322啊！不能按照我的住宿价格续费半天，要按照你们的房价续费半天，什么道理！！！', 4);
INSERT INTO `comment` VALUES (8, 1, 4, '酒店位置非常棒，三元桥地铁站D口出拐两个弯就到了；旁边就是凤凰汇，基本的吃饭、购物需求都能满足；内部环境和实施也很智能，非常适合年轻人~对了，酒店的智能机器人可以送外卖哦，哈哈哈哈哈哈哈，很轻奢了 酒店阿姨很热情，进出都会主动打招呼呢…… 说两点不足吧，淋浴间设计有点窄，转身要小心碰撞；另外，前台强推华住会员，不是很喜欢……', 2);
INSERT INTO `comment` VALUES (9, 1, 5, '酒店的设计理念非常的好，服务理念也非常的好，地理位置也很好，离地铁站近，去机场方便。体验感很好。', 1);
INSERT INTO `comment` VALUES (10, 1, 2, '咱们一点一点说哈，作为华住的会员，以前一直住桔子水晶，当晚实在着急，就携程随便定了一个，到了以后发现也是华住的，我在携程上480多，如果用会员直接开应该是400，以前住别的华住旗下的酒店，都会事先问一下，会推荐给我更便宜的方式，但是这家店前台啥也不说，我问一句说一句，费劲死，还说什么不能退等等。', 2);
INSERT INTO `comment` VALUES (11, 1, 5, '环境超级好，配套设施也一应俱全，可以用手机控制门锁，空调什么的。冰箱里的饮品和零食全部免费。\r\n', 4);
INSERT INTO `comment` VALUES (12, 1, 2, '从来没有住过如此窄小的房间，订的还是家庭房。理解那地寸土寸金，但是之前订在王府井的一家酒店房间以为已经很小了，没想到这个更加小，小到三个人在房间里走动都会撞到彼此（此处绝对没有夸张！），放了箱子后压根也走不动道了。洗澡和上厕所的玻璃全透明，完全没有磨砂或者帘子，看个清清楚楚，上厕所和洗澡都要先跟家人交代不要走过来，这还是一家子，要是和朋友住的话更加尴尬！', 1);
INSERT INTO `comment` VALUES (13, 1, 5, '酒店位置佳，10号线D口200米，出行方便。 设施完备，服务很好，每晚还会送小食。 房间虽小，但五脏俱全，带小孩够躺3人。 早餐7到12点，自助，中西都有够吃。', 4);
INSERT INTO `comment` VALUES (14, 1, 5, '酒店的设计理念非常的好，服务理念也非常的好，地理位置也很好，离地铁站近，去机场方便。体验感很好。', 2);
INSERT INTO `comment` VALUES (15, 1, 2, '咱们一点一点说哈，作为华住的会员，以前一直住桔子水晶，当晚实在着急，就携程随便定了一个，到了以后发现也是华住的，我在携程上480多，如果用会员直接开应该是400，以前住别的华住旗下的酒店，都会事先问一下，会推荐给我更便宜的方式，但是这家店前台啥也不说，我问一句说一句，费劲死，还说什么不能退等等。', 1);
INSERT INTO `comment` VALUES (16, 1, 5, '环境超级好，配套设施也一应俱全，可以用手机控制门锁，空调什么的。冰箱里的饮品和零食全部免费。\r\n', 2);
INSERT INTO `comment` VALUES (17, 1, 2, '从来没有住过如此窄小的房间，订的还是家庭房。理解那地寸土寸金，但是之前订在王府井的一家酒店房间以为已经很小了，没想到这个更加小，小到三个人在房间里走动都会撞到彼此（此处绝对没有夸张！），放了箱子后压根也走不动道了。洗澡和上厕所的玻璃全透明，完全没有磨砂或者帘子，看个清清楚楚，上厕所和洗澡都要先跟家人交代不要走过来，这还是一家子，要是和朋友住的话更加尴尬！', 4);
INSERT INTO `comment` VALUES (18, 1, 5, '酒店位置佳，10号线D口200米，出行方便。 设施完备，服务很好，每晚还会送小食。 房间虽小，但五脏俱全，带小孩够躺3人。 早餐7到12点，自助，中西都有够吃。', 1);
INSERT INTO `comment` VALUES (19, 1, 2, '服务太差，第一天定房间，携程定二天，无缘无故取消订单，我就去他们官网订了一天，等到前台说房源充足，携程说是酒店问题，酒店说携程问题，互相推，第二天我出去，回来六点多房间没打扫，也是醉了', 4);
INSERT INTO `comment` VALUES (20, 1, 5, '位置很好，市中心，国贸商圈里。一看就是比较传统老派的酒店，装修和用色都是稳重陈实的风格。房间的面积不大，不过基础设施都够用，比较遗憾的是床头没有充电的电源，这点也能看出酒店存在的时间确实挺久的。', 2);
INSERT INTO `comment` VALUES (21, 2, 5, '地理位置优越，出门就是地铁。旁边购物中心可以吃饭看电影。', 1);
INSERT INTO `comment` VALUES (22, 2, 2, '服务太差，第一天定房间，携程定二天，无缘无故取消订单，我就去他们官网订了一天，等到前台说房源充足，携程说是酒店问题，酒店说携程问题，互相推，第二天我出去，回来六点多房间没打扫，也是醉了', 2);
INSERT INTO `comment` VALUES (23, 2, 5, '位置很好，市中心，国贸商圈里。一看就是比较传统老派的酒店，装修和用色都是稳重陈实的风格。房间的面积不大，不过基础设施都够用，比较遗憾的是床头没有充电的电源，这点也能看出酒店存在的时间确实挺久的。', 4);
INSERT INTO `comment` VALUES (24, 2, 5, '地理位置好，地处市中心国贸区域，交通方便；酒店内干净整洁服务好；在北京市中心，同等酒店、携程这个价格确实亲民。', 1);
INSERT INTO `comment` VALUES (25, 2, 5, '硬件设施很好，很智能，软件没跟上，服务不行，酒店有行李车，但没有行李员抬行李。客房服务员很好，打扫卫生很及时干净。酒店地理位置很好，但没有停车位置，我是指到了酒店门口车没地儿停靠，人要马上下车，因为占用道路了。看在硬件设施和地理位置上，还是推荐一下吧。', 4);
INSERT INTO `comment` VALUES (26, 2, 5, '不错，时尚，符合年亲人口味。卫生啥的，地段都不错。面积小了点，一分钱一分货，帝都寸土寸金，也能理解？', 2);
INSERT INTO `comment` VALUES (27, 2, 3, '房间有很臭的味道！！！为了体谅你们就将就住了。由于行程原因需要晚退房，你一个主流公司竟然要12点退房，我可以多交半天房费，又竟然要收我242的房费，你全天房费是322啊！不能按照我的住宿价格续费半天，要按照你们的房价续费半天，什么道理！！！', 1);
INSERT INTO `comment` VALUES (28, 2, 4, '酒店位置非常棒，三元桥地铁站D口出拐两个弯就到了；旁边就是凤凰汇，基本的吃饭、购物需求都能满足；内部环境和实施也很智能，非常适合年轻人~对了，酒店的智能机器人可以送外卖哦，哈哈哈哈哈哈哈，很轻奢了 酒店阿姨很热情，进出都会主动打招呼呢…… 说两点不足吧，淋浴间设计有点窄，转身要小心碰撞；另外，前台强推华住会员，不是很喜欢……', 2);
INSERT INTO `comment` VALUES (29, 2, 5, '酒店的设计理念非常的好，服务理念也非常的好，地理位置也很好，离地铁站近，去机场方便。体验感很好。', 4);
INSERT INTO `comment` VALUES (30, 2, 2, '咱们一点一点说哈，作为华住的会员，以前一直住桔子水晶，当晚实在着急，就携程随便定了一个，到了以后发现也是华住的，我在携程上480多，如果用会员直接开应该是400，以前住别的华住旗下的酒店，都会事先问一下，会推荐给我更便宜的方式，但是这家店前台啥也不说，我问一句说一句，费劲死，还说什么不能退等等。', 1);
INSERT INTO `comment` VALUES (31, 2, 5, '环境超级好，配套设施也一应俱全，可以用手机控制门锁，空调什么的。冰箱里的饮品和零食全部免费。\r\n', 4);
INSERT INTO `comment` VALUES (32, 2, 2, '从来没有住过如此窄小的房间，订的还是家庭房。理解那地寸土寸金，但是之前订在王府井的一家酒店房间以为已经很小了，没想到这个更加小，小到三个人在房间里走动都会撞到彼此（此处绝对没有夸张！），放了箱子后压根也走不动道了。洗澡和上厕所的玻璃全透明，完全没有磨砂或者帘子，看个清清楚楚，上厕所和洗澡都要先跟家人交代不要走过来，这还是一家子，要是和朋友住的话更加尴尬！', 2);
INSERT INTO `comment` VALUES (33, 2, 5, '酒店位置佳，10号线D口200米，出行方便。 设施完备，服务很好，每晚还会送小食。 房间虽小，但五脏俱全，带小孩够躺3人。 早餐7到12点，自助，中西都有够吃。', 1);
INSERT INTO `comment` VALUES (34, 2, 5, '酒店的设计理念非常的好，服务理念也非常的好，地理位置也很好，离地铁站近，去机场方便。体验感很好。', 2);
INSERT INTO `comment` VALUES (35, 2, 2, '咱们一点一点说哈，作为华住的会员，以前一直住桔子水晶，当晚实在着急，就携程随便定了一个，到了以后发现也是华住的，我在携程上480多，如果用会员直接开应该是400，以前住别的华住旗下的酒店，都会事先问一下，会推荐给我更便宜的方式，但是这家店前台啥也不说，我问一句说一句，费劲死，还说什么不能退等等。', 4);
INSERT INTO `comment` VALUES (36, 3, 2, '从来没有住过如此窄小的房间，订的还是家庭房。理解那地寸土寸金，但是之前订在王府井的一家酒店房间以为已经很小了，没想到这个更加小，小到三个人在房间里走动都会撞到彼此（此处绝对没有夸张！），放了箱子后压根也走不动道了。洗澡和上厕所的玻璃全透明，完全没有磨砂或者帘子，看个清清楚楚，上厕所和洗澡都要先跟家人交代不要走过来，这还是一家子，要是和朋友住的话更加尴尬！', 1);
INSERT INTO `comment` VALUES (37, 3, 5, '酒店位置佳，10号线D口200米，出行方便。 设施完备，服务很好，每晚还会送小食。 房间虽小，但五脏俱全，带小孩够躺3人。 早餐7到12点，自助，中西都有够吃。', 4);
INSERT INTO `comment` VALUES (38, 3, 2, '服务太差，第一天定房间，携程定二天，无缘无故取消订单，我就去他们官网订了一天，等到前台说房源充足，携程说是酒店问题，酒店说携程问题，互相推，第二天我出去，回来六点多房间没打扫，也是醉了', 2);
INSERT INTO `comment` VALUES (39, 3, 5, '位置很好，市中心，国贸商圈里。一看就是比较传统老派的酒店，装修和用色都是稳重陈实的风格。房间的面积不大，不过基础设施都够用，比较遗憾的是床头没有充电的电源，这点也能看出酒店存在的时间确实挺久的。', 1);
INSERT INTO `comment` VALUES (40, 3, 5, '地理位置优越，出门就是地铁。旁边购物中心可以吃饭看电影。', 2);
INSERT INTO `comment` VALUES (41, 3, 2, '服务太差，第一天定房间，携程定二天，无缘无故取消订单，我就去他们官网订了一天，等到前台说房源充足，携程说是酒店问题，酒店说携程问题，互相推，第二天我出去，回来六点多房间没打扫，也是醉了', 4);
INSERT INTO `comment` VALUES (42, 3, 5, '位置很好，市中心，国贸商圈里。一看就是比较传统老派的酒店，装修和用色都是稳重陈实的风格。房间的面积不大，不过基础设施都够用，比较遗憾的是床头没有充电的电源，这点也能看出酒店存在的时间确实挺久的。', 1);
INSERT INTO `comment` VALUES (43, 3, 5, '地理位置好，地处市中心国贸区域，交通方便；酒店内干净整洁服务好；在北京市中心，同等酒店、携程这个价格确实亲民。', 4);
INSERT INTO `comment` VALUES (44, 4, 5, '硬件设施很好，很智能，软件没跟上，服务不行，酒店有行李车，但没有行李员抬行李。客房服务员很好，打扫卫生很及时干净。酒店地理位置很好，但没有停车位置，我是指到了酒店门口车没地儿停靠，人要马上下车，因为占用道路了。看在硬件设施和地理位置上，还是推荐一下吧。', 2);
INSERT INTO `comment` VALUES (45, 4, 5, '不错，时尚，符合年亲人口味。卫生啥的，地段都不错。面积小了点，一分钱一分货，帝都寸土寸金，也能理解？', 1);
INSERT INTO `comment` VALUES (46, 4, 3, '房间有很臭的味道！！！为了体谅你们就将就住了。由于行程原因需要晚退房，你一个主流公司竟然要12点退房，我可以多交半天房费，又竟然要收我242的房费，你全天房费是322啊！不能按照我的住宿价格续费半天，要按照你们的房价续费半天，什么道理！！！', 2);
INSERT INTO `comment` VALUES (47, 4, 4, '酒店位置非常棒，三元桥地铁站D口出拐两个弯就到了；旁边就是凤凰汇，基本的吃饭、购物需求都能满足；内部环境和实施也很智能，非常适合年轻人~对了，酒店的智能机器人可以送外卖哦，哈哈哈哈哈哈哈，很轻奢了 酒店阿姨很热情，进出都会主动打招呼呢…… 说两点不足吧，淋浴间设计有点窄，转身要小心碰撞；另外，前台强推华住会员，不是很喜欢……', 4);
INSERT INTO `comment` VALUES (48, 4, 5, '酒店的设计理念非常的好，服务理念也非常的好，地理位置也很好，离地铁站近，去机场方便。体验感很好。', 1);
INSERT INTO `comment` VALUES (49, 4, 2, '咱们一点一点说哈，作为华住的会员，以前一直住桔子水晶，当晚实在着急，就携程随便定了一个，到了以后发现也是华住的，我在携程上480多，如果用会员直接开应该是400，以前住别的华住旗下的酒店，都会事先问一下，会推荐给我更便宜的方式，但是这家店前台啥也不说，我问一句说一句，费劲死，还说什么不能退等等。', 4);
INSERT INTO `comment` VALUES (50, 4, 5, '环境超级好，配套设施也一应俱全，可以用手机控制门锁，空调什么的。冰箱里的饮品和零食全部免费。\r\n', 2);
INSERT INTO `comment` VALUES (51, 4, 2, '从来没有住过如此窄小的房间，订的还是家庭房。理解那地寸土寸金，但是之前订在王府井的一家酒店房间以为已经很小了，没想到这个更加小，小到三个人在房间里走动都会撞到彼此（此处绝对没有夸张！），放了箱子后压根也走不动道了。洗澡和上厕所的玻璃全透明，完全没有磨砂或者帘子，看个清清楚楚，上厕所和洗澡都要先跟家人交代不要走过来，这还是一家子，要是和朋友住的话更加尴尬！', 1);
INSERT INTO `comment` VALUES (52, 4, 5, '酒店位置佳，10号线D口200米，出行方便。 设施完备，服务很好，每晚还会送小食。 房间虽小，但五脏俱全，带小孩够躺3人。 早餐7到12点，自助，中西都有够吃。', 2);
INSERT INTO `comment` VALUES (53, 4, 5, '酒店的设计理念非常的好，服务理念也非常的好，地理位置也很好，离地铁站近，去机场方便。体验感很好。', 4);
INSERT INTO `comment` VALUES (54, 4, 2, '咱们一点一点说哈，作为华住的会员，以前一直住桔子水晶，当晚实在着急，就携程随便定了一个，到了以后发现也是华住的，我在携程上480多，如果用会员直接开应该是400，以前住别的华住旗下的酒店，都会事先问一下，会推荐给我更便宜的方式，但是这家店前台啥也不说，我问一句说一句，费劲死，还说什么不能退等等。', 1);
INSERT INTO `comment` VALUES (55, 5, 5, '酒店的设计理念非常的好，服务理念也非常的好，地理位置也很好，离地铁站近，去机场方便。体验感很好。', 4);
INSERT INTO `comment` VALUES (56, 5, 2, '咱们一点一点说哈，作为华住的会员，以前一直住桔子水晶，当晚实在着急，就携程随便定了一个，到了以后发现也是华住的，我在携程上480多，如果用会员直接开应该是400，以前住别的华住旗下的酒店，都会事先问一下，会推荐给我更便宜的方式，但是这家店前台啥也不说，我问一句说一句，费劲死，还说什么不能退等等。', 2);
INSERT INTO `comment` VALUES (57, 5, 2, '从来没有住过如此窄小的房间，订的还是家庭房。理解那地寸土寸金，但是之前订在王府井的一家酒店房间以为已经很小了，没想到这个更加小，小到三个人在房间里走动都会撞到彼此（此处绝对没有夸张！），放了箱子后压根也走不动道了。洗澡和上厕所的玻璃全透明，完全没有磨砂或者帘子，看个清清楚楚，上厕所和洗澡都要先跟家人交代不要走过来，这还是一家子，要是和朋友住的话更加尴尬！', 1);
INSERT INTO `comment` VALUES (58, 5, 5, '酒店位置佳，10号线D口200米，出行方便。 设施完备，服务很好，每晚还会送小食。 房间虽小，但五脏俱全，带小孩够躺3人。 早餐7到12点，自助，中西都有够吃。', 2);
INSERT INTO `comment` VALUES (59, 5, 2, '服务太差，第一天定房间，携程定二天，无缘无故取消订单，我就去他们官网订了一天，等到前台说房源充足，携程说是酒店问题，酒店说携程问题，互相推，第二天我出去，回来六点多房间没打扫，也是醉了', 4);
INSERT INTO `comment` VALUES (60, 5, 5, '位置很好，市中心，国贸商圈里。一看就是比较传统老派的酒店，装修和用色都是稳重陈实的风格。房间的面积不大，不过基础设施都够用，比较遗憾的是床头没有充电的电源，这点也能看出酒店存在的时间确实挺久的。', 1);
INSERT INTO `comment` VALUES (61, 5, 5, '地理位置优越，出门就是地铁。旁边购物中心可以吃饭看电影。', 4);
INSERT INTO `comment` VALUES (62, 5, 2, '服务太差，第一天定房间，携程定二天，无缘无故取消订单，我就去他们官网订了一天，等到前台说房源充足，携程说是酒店问题，酒店说携程问题，互相推，第二天我出去，回来六点多房间没打扫，也是醉了', 2);
INSERT INTO `comment` VALUES (63, 6, 5, '位置很好，市中心，国贸商圈里。一看就是比较传统老派的酒店，装修和用色都是稳重陈实的风格。房间的面积不大，不过基础设施都够用，比较遗憾的是床头没有充电的电源，这点也能看出酒店存在的时间确实挺久的。', 1);
INSERT INTO `comment` VALUES (64, 6, 5, '地理位置好，地处市中心国贸区域，交通方便；酒店内干净整洁服务好；在北京市中心，同等酒店、携程这个价格确实亲民。', 2);
INSERT INTO `comment` VALUES (65, 6, 5, '硬件设施很好，很智能，软件没跟上，服务不行，酒店有行李车，但没有行李员抬行李。客房服务员很好，打扫卫生很及时干净。酒店地理位置很好，但没有停车位置，我是指到了酒店门口车没地儿停靠，人要马上下车，因为占用道路了。看在硬件设施和地理位置上，还是推荐一下吧。', 4);
INSERT INTO `comment` VALUES (66, 6, 5, '不错，时尚，符合年亲人口味。卫生啥的，地段都不错。面积小了点，一分钱一分货，帝都寸土寸金，也能理解？', 1);
INSERT INTO `comment` VALUES (67, 6, 3, '房间有很臭的味道！！！为了体谅你们就将就住了。由于行程原因需要晚退房，你一个主流公司竟然要12点退房，我可以多交半天房费，又竟然要收我242的房费，你全天房费是322啊！不能按照我的住宿价格续费半天，要按照你们的房价续费半天，什么道理！！！', 4);
INSERT INTO `comment` VALUES (68, 6, 4, '酒店位置非常棒，三元桥地铁站D口出拐两个弯就到了；旁边就是凤凰汇，基本的吃饭、购物需求都能满足；内部环境和实施也很智能，非常适合年轻人~对了，酒店的智能机器人可以送外卖哦，哈哈哈哈哈哈哈，很轻奢了 酒店阿姨很热情，进出都会主动打招呼呢…… 说两点不足吧，淋浴间设计有点窄，转身要小心碰撞；另外，前台强推华住会员，不是很喜欢……', 2);
INSERT INTO `comment` VALUES (69, 6, 5, '酒店的设计理念非常的好，服务理念也非常的好，地理位置也很好，离地铁站近，去机场方便。体验感很好。', 1);
INSERT INTO `comment` VALUES (70, 6, 2, '咱们一点一点说哈，作为华住的会员，以前一直住桔子水晶，当晚实在着急，就携程随便定了一个，到了以后发现也是华住的，我在携程上480多，如果用会员直接开应该是400，以前住别的华住旗下的酒店，都会事先问一下，会推荐给我更便宜的方式，但是这家店前台啥也不说，我问一句说一句，费劲死，还说什么不能退等等。', 2);
INSERT INTO `comment` VALUES (71, 6, 5, '环境超级好，配套设施也一应俱全，可以用手机控制门锁，空调什么的。冰箱里的饮品和零食全部免费。\r\n', 4);
INSERT INTO `comment` VALUES (72, 7, 2, '从来没有住过如此窄小的房间，订的还是家庭房。理解那地寸土寸金，但是之前订在王府井的一家酒店房间以为已经很小了，没想到这个更加小，小到三个人在房间里走动都会撞到彼此（此处绝对没有夸张！），放了箱子后压根也走不动道了。洗澡和上厕所的玻璃全透明，完全没有磨砂或者帘子，看个清清楚楚，上厕所和洗澡都要先跟家人交代不要走过来，这还是一家子，要是和朋友住的话更加尴尬！', 1);
INSERT INTO `comment` VALUES (73, 7, 5, '酒店位置佳，10号线D口200米，出行方便。 设施完备，服务很好，每晚还会送小食。 房间虽小，但五脏俱全，带小孩够躺3人。 早餐7到12点，自助，中西都有够吃。', 4);
INSERT INTO `comment` VALUES (74, 7, 5, '酒店的设计理念非常的好，服务理念也非常的好，地理位置也很好，离地铁站近，去机场方便。体验感很好。', 2);
INSERT INTO `comment` VALUES (75, 7, 2, '咱们一点一点说哈，作为华住的会员，以前一直住桔子水晶，当晚实在着急，就携程随便定了一个，到了以后发现也是华住的，我在携程上480多，如果用会员直接开应该是400，以前住别的华住旗下的酒店，都会事先问一下，会推荐给我更便宜的方式，但是这家店前台啥也不说，我问一句说一句，费劲死，还说什么不能退等等。', 1);
INSERT INTO `comment` VALUES (76, 8, 5, '环境超级好，配套设施也一应俱全，可以用手机控制门锁，空调什么的。冰箱里的饮品和零食全部免费。\r\n', 2);
INSERT INTO `comment` VALUES (77, 8, 2, '从来没有住过如此窄小的房间，订的还是家庭房。理解那地寸土寸金，但是之前订在王府井的一家酒店房间以为已经很小了，没想到这个更加小，小到三个人在房间里走动都会撞到彼此（此处绝对没有夸张！），放了箱子后压根也走不动道了。洗澡和上厕所的玻璃全透明，完全没有磨砂或者帘子，看个清清楚楚，上厕所和洗澡都要先跟家人交代不要走过来，这还是一家子，要是和朋友住的话更加尴尬！', 4);
INSERT INTO `comment` VALUES (78, 8, 5, '酒店位置佳，10号线D口200米，出行方便。 设施完备，服务很好，每晚还会送小食。 房间虽小，但五脏俱全，带小孩够躺3人。 早餐7到12点，自助，中西都有够吃。', 1);
INSERT INTO `comment` VALUES (79, 8, 5, '酒店的设计理念非常的好，服务理念也非常的好，地理位置也很好，离地铁站近，去机场方便。体验感很好。', 4);
INSERT INTO `comment` VALUES (80, 8, 2, '咱们一点一点说哈，作为华住的会员，以前一直住桔子水晶，当晚实在着急，就携程随便定了一个，到了以后发现也是华住的，我在携程上480多，如果用会员直接开应该是400，以前住别的华住旗下的酒店，都会事先问一下，会推荐给我更便宜的方式，但是这家店前台啥也不说，我问一句说一句，费劲死，还说什么不能退等等。', 2);
INSERT INTO `comment` VALUES (81, 8, 5, '酒店的设计理念非常的好，服务理念也非常的好，地理位置也很好，离地铁站近，去机场方便。体验感很好。', 1);
INSERT INTO `comment` VALUES (82, 8, 2, '咱们一点一点说哈，作为华住的会员，以前一直住桔子水晶，当晚实在着急，就携程随便定了一个，到了以后发现也是华住的，我在携程上480多，如果用会员直接开应该是400，以前住别的华住旗下的酒店，都会事先问一下，会推荐给我更便宜的方式，但是这家店前台啥也不说，我问一句说一句，费劲死，还说什么不能退等等。', 2);
INSERT INTO `comment` VALUES (83, 8, 2, '从来没有住过如此窄小的房间，订的还是家庭房。理解那地寸土寸金，但是之前订在王府井的一家酒店房间以为已经很小了，没想到这个更加小，小到三个人在房间里走动都会撞到彼此（此处绝对没有夸张！），放了箱子后压根也走不动道了。洗澡和上厕所的玻璃全透明，完全没有磨砂或者帘子，看个清清楚楚，上厕所和洗澡都要先跟家人交代不要走过来，这还是一家子，要是和朋友住的话更加尴尬！', 4);
INSERT INTO `comment` VALUES (84, 8, 5, '酒店位置佳，10号线D口200米，出行方便。 设施完备，服务很好，每晚还会送小食。 房间虽小，但五脏俱全，带小孩够躺3人。 早餐7到12点，自助，中西都有够吃。', 1);
INSERT INTO `comment` VALUES (85, 8, 2, '服务太差，第一天定房间，携程定二天，无缘无故取消订单，我就去他们官网订了一天，等到前台说房源充足，携程说是酒店问题，酒店说携程问题，互相推，第二天我出去，回来六点多房间没打扫，也是醉了', 4);
INSERT INTO `comment` VALUES (86, 8, 5, '位置很好，市中心，国贸商圈里。一看就是比较传统老派的酒店，装修和用色都是稳重陈实的风格。房间的面积不大，不过基础设施都够用，比较遗憾的是床头没有充电的电源，这点也能看出酒店存在的时间确实挺久的。', 2);
INSERT INTO `comment` VALUES (87, 8, 5, '地理位置优越，出门就是地铁。旁边购物中心可以吃饭看电影。', 1);
INSERT INTO `comment` VALUES (88, 8, 2, '服务太差，第一天定房间，携程定二天，无缘无故取消订单，我就去他们官网订了一天，等到前台说房源充足，携程说是酒店问题，酒店说携程问题，互相推，第二天我出去，回来六点多房间没打扫，也是醉了', 2);
INSERT INTO `comment` VALUES (89, 8, 5, '位置很好，市中心，国贸商圈里。一看就是比较传统老派的酒店，装修和用色都是稳重陈实的风格。房间的面积不大，不过基础设施都够用，比较遗憾的是床头没有充电的电源，这点也能看出酒店存在的时间确实挺久的。', 4);
INSERT INTO `comment` VALUES (90, 8, 5, '地理位置好，地处市中心国贸区域，交通方便；酒店内干净整洁服务好；在北京市中心，同等酒店、携程这个价格确实亲民。', 1);
INSERT INTO `comment` VALUES (91, 9, 5, '硬件设施很好，很智能，软件没跟上，服务不行，酒店有行李车，但没有行李员抬行李。客房服务员很好，打扫卫生很及时干净。酒店地理位置很好，但没有停车位置，我是指到了酒店门口车没地儿停靠，人要马上下车，因为占用道路了。看在硬件设施和地理位置上，还是推荐一下吧。', 4);
INSERT INTO `comment` VALUES (92, 9, 5, '不错，时尚，符合年亲人口味。卫生啥的，地段都不错。面积小了点，一分钱一分货，帝都寸土寸金，也能理解？', 2);
INSERT INTO `comment` VALUES (93, 9, 3, '房间有很臭的味道！！！为了体谅你们就将就住了。由于行程原因需要晚退房，你一个主流公司竟然要12点退房，我可以多交半天房费，又竟然要收我242的房费，你全天房费是322啊！不能按照我的住宿价格续费半天，要按照你们的房价续费半天，什么道理！！！', 1);
INSERT INTO `comment` VALUES (94, 9, 4, '酒店位置非常棒，三元桥地铁站D口出拐两个弯就到了；旁边就是凤凰汇，基本的吃饭、购物需求都能满足；内部环境和实施也很智能，非常适合年轻人~对了，酒店的智能机器人可以送外卖哦，哈哈哈哈哈哈哈，很轻奢了 酒店阿姨很热情，进出都会主动打招呼呢…… 说两点不足吧，淋浴间设计有点窄，转身要小心碰撞；另外，前台强推华住会员，不是很喜欢……', 2);
INSERT INTO `comment` VALUES (95, 9, 5, '酒店的设计理念非常的好，服务理念也非常的好，地理位置也很好，离地铁站近，去机场方便。体验感很好。', 4);
INSERT INTO `comment` VALUES (96, 9, 2, '咱们一点一点说哈，作为华住的会员，以前一直住桔子水晶，当晚实在着急，就携程随便定了一个，到了以后发现也是华住的，我在携程上480多，如果用会员直接开应该是400，以前住别的华住旗下的酒店，都会事先问一下，会推荐给我更便宜的方式，但是这家店前台啥也不说，我问一句说一句，费劲死，还说什么不能退等等。', 1);
INSERT INTO `comment` VALUES (97, 9, 5, '环境超级好，配套设施也一应俱全，可以用手机控制门锁，空调什么的。冰箱里的饮品和零食全部免费。\r\n', 4);
INSERT INTO `comment` VALUES (98, 9, 2, '从来没有住过如此窄小的房间，订的还是家庭房。理解那地寸土寸金，但是之前订在王府井的一家酒店房间以为已经很小了，没想到这个更加小，小到三个人在房间里走动都会撞到彼此（此处绝对没有夸张！），放了箱子后压根也走不动道了。洗澡和上厕所的玻璃全透明，完全没有磨砂或者帘子，看个清清楚楚，上厕所和洗澡都要先跟家人交代不要走过来，这还是一家子，要是和朋友住的话更加尴尬！', 2);
INSERT INTO `comment` VALUES (99, 9, 5, '酒店位置佳，10号线D口200米，出行方便。 设施完备，服务很好，每晚还会送小食。 房间虽小，但五脏俱全，带小孩够躺3人。 早餐7到12点，自助，中西都有够吃。', 1);
INSERT INTO `comment` VALUES (100, 9, 5, '酒店的设计理念非常的好，服务理念也非常的好，地理位置也很好，离地铁站近，去机场方便。体验感很好。', 2);
INSERT INTO `comment` VALUES (101, 10, 2, '咱们一点一点说哈，作为华住的会员，以前一直住桔子水晶，当晚实在着急，就携程随便定了一个，到了以后发现也是华住的，我在携程上480多，如果用会员直接开应该是400，以前住别的华住旗下的酒店，都会事先问一下，会推荐给我更便宜的方式，但是这家店前台啥也不说，我问一句说一句，费劲死，还说什么不能退等等。', 4);
INSERT INTO `comment` VALUES (102, 10, 5, '硬件设施很好，很智能，软件没跟上，服务不行，酒店有行李车，但没有行李员抬行李。客房服务员很好，打扫卫生很及时干净。酒店地理位置很好，但没有停车位置，我是指到了酒店门口车没地儿停靠，人要马上下车，因为占用道路了。看在硬件设施和地理位置上，还是推荐一下吧。', 1);
INSERT INTO `comment` VALUES (103, 10, 5, '不错，时尚，符合年亲人口味。卫生啥的，地段都不错。面积小了点，一分钱一分货，帝都寸土寸金，也能理解？', 4);
INSERT INTO `comment` VALUES (104, 10, 3, '房间有很臭的味道！！！为了体谅你们就将就住了。由于行程原因需要晚退房，你一个主流公司竟然要12点退房，我可以多交半天房费，又竟然要收我242的房费，你全天房费是322啊！不能按照我的住宿价格续费半天，要按照你们的房价续费半天，什么道理！！！', 2);
INSERT INTO `comment` VALUES (105, 10, 4, '酒店位置非常棒，三元桥地铁站D口出拐两个弯就到了；旁边就是凤凰汇，基本的吃饭、购物需求都能满足；内部环境和实施也很智能，非常适合年轻人~对了，酒店的智能机器人可以送外卖哦，哈哈哈哈哈哈哈，很轻奢了 酒店阿姨很热情，进出都会主动打招呼呢…… 说两点不足吧，淋浴间设计有点窄，转身要小心碰撞；另外，前台强推华住会员，不是很喜欢……', 1);
INSERT INTO `comment` VALUES (106, 10, 5, '酒店的设计理念非常的好，服务理念也非常的好，地理位置也很好，离地铁站近，去机场方便。体验感很好。', 2);
INSERT INTO `comment` VALUES (107, 10, 2, '咱们一点一点说哈，作为华住的会员，以前一直住桔子水晶，当晚实在着急，就携程随便定了一个，到了以后发现也是华住的，我在携程上480多，如果用会员直接开应该是400，以前住别的华住旗下的酒店，都会事先问一下，会推荐给我更便宜的方式，但是这家店前台啥也不说，我问一句说一句，费劲死，还说什么不能退等等。', 4);
INSERT INTO `comment` VALUES (108, 10, 5, '环境超级好，配套设施也一应俱全，可以用手机控制门锁，空调什么的。冰箱里的饮品和零食全部免费。\r\n', 1);
INSERT INTO `comment` VALUES (109, 10, 2, '从来没有住过如此窄小的房间，订的还是家庭房。理解那地寸土寸金，但是之前订在王府井的一家酒店房间以为已经很小了，没想到这个更加小，小到三个人在房间里走动都会撞到彼此（此处绝对没有夸张！），放了箱子后压根也走不动道了。洗澡和上厕所的玻璃全透明，完全没有磨砂或者帘子，看个清清楚楚，上厕所和洗澡都要先跟家人交代不要走过来，这还是一家子，要是和朋友住的话更加尴尬！', 4);
INSERT INTO `comment` VALUES (110, 10, 5, '酒店位置佳，10号线D口200米，出行方便。 设施完备，服务很好，每晚还会送小食。 房间虽小，但五脏俱全，带小孩够躺3人。 早餐7到12点，自助，中西都有够吃。', 2);
INSERT INTO `comment` VALUES (111, 10, 5, '酒店的设计理念非常的好，服务理念也非常的好，地理位置也很好，离地铁站近，去机场方便。体验感很好。', 1);
INSERT INTO `comment` VALUES (112, 10, 2, '咱们一点一点说哈，作为华住的会员，以前一直住桔子水晶，当晚实在着急，就携程随便定了一个，到了以后发现也是华住的，我在携程上480多，如果用会员直接开应该是400，以前住别的华住旗下的酒店，都会事先问一下，会推荐给我更便宜的方式，但是这家店前台啥也不说，我问一句说一句，费劲死，还说什么不能退等等。', 2);
INSERT INTO `comment` VALUES (115, 1, 4, '这是添加测试', 4);
INSERT INTO `comment` VALUES (116, 398, 4, '', 3);
INSERT INTO `comment` VALUES (122, 1, 2, '咱们一点一点说哈，作为华住的会员，以前一直住桔子水晶，当晚实在着急，就携程随便定了一个，到了以后发现也是华住的，我在携程上480多，如果用会员直接开应该是400，以前住别的华住旗下的酒店，都会事先问一下，会推荐给我更便宜的方式，但是这家店前台啥也不说，我问一句说一句，费劲死，还说什么不能退等等。', 3);
INSERT INTO `comment` VALUES (123, 1, 5, '环境超级好，配套设施也一应俱全，可以用手机控制门锁，空调什么的。冰箱里的饮品和零食全部免费。\r\n', 3);
INSERT INTO `comment` VALUES (124, 1, 2, '从来没有住过如此窄小的房间，订的还是家庭房。理解那地寸土寸金，但是之前订在王府井的一家酒店房间以为已经很小了，没想到这个更加小，小到三个人在房间里走动都会撞到彼此（此处绝对没有夸张！），放了箱子后压根也走不动道了。洗澡和上厕所的玻璃全透明，完全没有磨砂或者帘子，看个清清楚楚，上厕所和洗澡都要先跟家人交代不要走过来，这还是一家子，要是和朋友住的话更加尴尬！', 3);
INSERT INTO `comment` VALUES (125, 1, 5, '酒店位置佳，10号线D口200米，出行方便。 设施完备，服务很好，每晚还会送小食。 房间虽小，但五脏俱全，带小孩够躺3人。 早餐7到12点，自助，中西都有够吃。', 3);
INSERT INTO `comment` VALUES (126, 1, 5, '酒店的设计理念非常的好，服务理念也非常的好，地理位置也很好，离地铁站近，去机场方便。体验感很好。', 3);
INSERT INTO `comment` VALUES (127, 1, 2, '咱们一点一点说哈，作为华住的会员，以前一直住桔子水晶，当晚实在着急，就携程随便定了一个，到了以后发现也是华住的，我在携程上480多，如果用会员直接开应该是400，以前住别的华住旗下的酒店，都会事先问一下，会推荐给我更便宜的方式，但是这家店前台啥也不说，我问一句说一句，费劲死，还说什么不能退等等。', 3);
INSERT INTO `comment` VALUES (128, 1, 3, '这家酒店是啥呀，房间有异味！！！', 2);
INSERT INTO `comment` VALUES (129, 509, 5, '感觉这次的住房还比较满意！！！', 4);
INSERT INTO `comment` VALUES (130, 1, 5, '该房间误以为fdssdfa', 4);
INSERT INTO `comment` VALUES (131, 393, 5, '无异味，体验很好，棒棒棒！！！', 3);
INSERT INTO `comment` VALUES (132, 1, 4, '这是添加测试', 4);
INSERT INTO `comment` VALUES (133, 1, 2, '房间有臭味，设备不齐全', 2);
INSERT INTO `comment` VALUES (134, 1, 5, '房间干净整洁，无异味', 4);

-- ----------------------------
-- Table structure for contact
-- ----------------------------
DROP TABLE IF EXISTS `contact`;
CREATE TABLE `contact`  (
  `cId` int(11) NOT NULL AUTO_INCREMENT COMMENT '联系人id',
  `realName` varchar(255) CHARACTER SET utf8 COLLATE utf8_general_ci NOT NULL COMMENT '真实姓名',
  `mobile` varchar(255) CHARACTER SET utf8 COLLATE utf8_general_ci NOT NULL COMMENT '手机号',
  PRIMARY KEY (`cId`) USING BTREE
) ENGINE = InnoDB AUTO_INCREMENT = 42 CHARACTER SET = utf8 COLLATE = utf8_general_ci ROW_FORMAT = Compact;

-- ----------------------------
-- Records of contact
-- ----------------------------
INSERT INTO `contact` VALUES (1, '小强', '17727732722');
INSERT INTO `contact` VALUES (5, '王丽', '17732037217');
INSERT INTO `contact` VALUES (8, '小强', '17727732728');
INSERT INTO `contact` VALUES (10, '小强', '17727732727');
INSERT INTO `contact` VALUES (11, '王丽', '17732037212');
INSERT INTO `contact` VALUES (12, '王丽', '17732037222');
INSERT INTO `contact` VALUES (13, '小强', '17727732799');
INSERT INTO `contact` VALUES (14, '小强', '22222');
INSERT INTO `contact` VALUES (15, '王磊', '252092837198');
INSERT INTO `contact` VALUES (16, '帅帅', '231');
INSERT INTO `contact` VALUES (22, '妈妈', '15233860813');
INSERT INTO `contact` VALUES (24, '王磊', '17732037217');
INSERT INTO `contact` VALUES (26, '王佳俊', '18812130184');
INSERT INTO `contact` VALUES (27, '张三', '17750566317');
INSERT INTO `contact` VALUES (29, 'yangders', '15244819232');
INSERT INTO `contact` VALUES (30, 'cq', '110');
INSERT INTO `contact` VALUES (31, '王磊', '17727732789');
INSERT INTO `contact` VALUES (32, '王磊', '17732037218');
INSERT INTO `contact` VALUES (33, 'all还', '13313111311');
INSERT INTO `contact` VALUES (34, 'mom', '18812008919');
INSERT INTO `contact` VALUES (37, '王磊', '13111333311');
INSERT INTO `contact` VALUES (38, '赵丹', '15321056758');
INSERT INTO `contact` VALUES (39, 'chen', '13780527775');
INSERT INTO `contact` VALUES (40, '爸爸', '18812008920');
INSERT INTO `contact` VALUES (41, 'kuaikuai', '17860901241');

-- ----------------------------
-- Table structure for hotel
-- ----------------------------
DROP TABLE IF EXISTS `hotel`;
CREATE TABLE `hotel`  (
  `hId` int(11) NOT NULL AUTO_INCREMENT COMMENT '酒店id',
  `name` varchar(255) CHARACTER SET utf8 COLLATE utf8_general_ci NOT NULL COMMENT '名称',
  `cityName` varchar(255) CHARACTER SET utf8 COLLATE utf8_general_ci NOT NULL DEFAULT '苏州市' COMMENT '所属城市名称',
  `star` int(1) NULL DEFAULT NULL COMMENT '星级\r\n1、2、3、4、5、6',
  `position` varchar(255) CHARACTER SET utf8 COLLATE utf8_general_ci NOT NULL COMMENT '地理位置',
  `count` int(11) NOT NULL DEFAULT 0 COMMENT '评价次数',
  `sum` int(11) NULL DEFAULT NULL COMMENT '评价总分',
  `imgSrc` varchar(255) CHARACTER SET utf8 COLLATE utf8_general_ci NULL DEFAULT NULL COMMENT '宾馆图片',
  PRIMARY KEY (`hId`) USING BTREE
) ENGINE = InnoDB AUTO_INCREMENT = 535 CHARACTER SET = utf8 COLLATE = utf8_general_ci ROW_FORMAT = Compact;

-- ----------------------------
-- Records of hotel
-- ----------------------------
INSERT INTO `hotel` VALUES (1, '北京5L酒店', '北京市', 5, '【国贸地区 北京站/建国门地区】北京建国门外大街1号', 31, 143, '1 (1).jpg');
INSERT INTO `hotel` VALUES (2, '速8酒店', '北京市', 4, '朝阳 三里屯', 20, 88, '1 (2).jpg');
INSERT INTO `hotel` VALUES (3, '格林豪泰', '北京市', 4, '大兴', 20, 86, '1 (3).jpg');
INSERT INTO `hotel` VALUES (4, '北京三元桥CitiGO欢阁酒店', '北京市', 4, '【 国展中心地区】朝阳区曙光西里甲5号17座。', 20, 76, '1 (4).jpg');
INSERT INTO `hotel` VALUES (5, '北京赛特饭店', '北京市', 4, '【 北京站/建国门地区 国贸地区】朝阳区建国门外大街22号', 20, 86, '1 (5).jpg');
INSERT INTO `hotel` VALUES (6, '云川酒店(北京国贸店)', '北京市', 4, '【 国贸地区 燕莎/三里屯商业区】朝阳区四惠盛世龙源11号。 ', 20, 90, '1 (6).jpg');
INSERT INTO `hotel` VALUES (7, '飘HOME连锁酒店(北京王府井步行街店)', '北京市', 4, '【 天安门/王府井地区 前门/崇文门商贸区】东城区东安门大街43号 王府井步行街与东安门大大街交叉路口。', 20, 86, '1 (7).jpg');
INSERT INTO `hotel` VALUES (8, '上海武康路隐居繁华公馆', '上海市', 5, '【 淮海路/新天地地区 静安寺/南京西路】徐汇区武康路100弄1-4号', 15, 69, '1 (8).jpg');
INSERT INTO `hotel` VALUES (9, '豪枫雅致酒店(上海国际旅游度假区唐镇地铁站店)品质保障', '上海市', 4, '【 迪士尼度假区 浦东机场核心区】浦东新区顾唐路2818号。 ', 15, 69, '1 (9).jpg');
INSERT INTO `hotel` VALUES (10, '上海万信R酒店', '上海市', 5, '【 浦东金桥地区 浦东陆家嘴金融贸易区】浦东新区崮山路688号。', 15, 69, '1 (10).jpg');
INSERT INTO `hotel` VALUES (11, '维也纳酒店(上海浦东机场店)', '上海市', 4, '【 浦东机场核心区 迪士尼度假区】浦东新区川南奉公路1226号11幢', 15, 69, '1 (11).jpg');
INSERT INTO `hotel` VALUES (12, ' 云和夜泊酒店(上海浦东国际机场店)', '上海市', 5, '【 浦东机场核心区 迪士尼度假区】浦东新区秋亭路128弄。 ', 15, 69, '1 (12).jpg');
INSERT INTO `hotel` VALUES (13, '宜尚PLUS酒店(上海虹桥韩国街银亭路店)', '上海市', 4, '【 光大会展中心/漕河泾地区 虹桥地区】闵行区银亭路58号。 ', 15, 69, '1 (13).jpg');
INSERT INTO `hotel` VALUES (14, '漫心酒店(北京王府井店)', '北京市', 4, '【 天安门/王府井地区 西单/金融街地区 】东城区 东安门大街53号（王府井大街和东安门大街交叉口）', 20, 86, '1 (14).jpg');
INSERT INTO `hotel` VALUES (15, '秋果S酒店(北京首都机场二店)', '北京市', 4, '【 首都机场/新国展地区 】顺义区 天竺中街3号5幢、6幢 ', 20, 86, '1 (15).jpg');
INSERT INTO `hotel` VALUES (16, '北京凤凰苏源大厦', '北京市', 4, '【 北京西站/丽泽商务区 西单/金融街地区 】西城区 广安门外大街3号', 20, 86, '1 (16).jpg');
INSERT INTO `hotel` VALUES (17, '奇幻花园公馆(广州汉溪长隆地铁站店)', '广州市', 4, '【 番禺长隆/广州南站附近 番禺市桥/亚运城 】东艺路金山谷意库创意十街4号', 20, 89, '1 (17).jpg');
INSERT INTO `hotel` VALUES (18, '美豪丽致酒店(广州五羊新城店)', '广州市', 5, '【 珠江新城/五羊新城商圈 火车东站/天河体育中心 】', 20, 89, '1 (18).jpg');
INSERT INTO `hotel` VALUES (19, '丽柏臻品公寓(广州奥园广场店)', '广州市', 4, '【 番禺长隆/广州南站附近 】番禺区 石壁街汉溪大道西283号创越大厦东塔一楼大厅办理入住', 20, 89, '1 (19).jpg');
INSERT INTO `hotel` VALUES (20, '广东地质山水酒店', '广州市', 5, '【 环市东路附近 火车东站/天河体育中心 】越秀区 环市东路476号', 20, 89, '1 (20).jpg');
INSERT INTO `hotel` VALUES (21, '妃子笑酒店(广州牛仔城新塘地铁站店)', '广州市', 5, '【 新塘商业中心区 】增城区 新塘镇港口大道333号', 20, 89, '1 (21).jpg');
INSERT INTO `hotel` VALUES (23, '维多利亚公寓(广州奥园广场店)', '广州市', 4, '【 番禺长隆/广州南站附近 】汉溪大道西283号奥园越时代广场东塔一楼大堂', 20, 89, '1 (23).jpg');
INSERT INTO `hotel` VALUES (24, '纳维斯汀酒店(广州新白云国际机场总店)', '广州市', 4, '【 新白云国际机场附近 】白云区 人和镇矮岗村聚龙街六巷一号', 20, 89, '1 (24).jpg');
INSERT INTO `hotel` VALUES (25, '广州万富希尔顿酒店', '广州市', 5, '【 白云山风景区 】白云区 云城东路515、517号', 20, 89, '1 (25).jpg');
INSERT INTO `hotel` VALUES (26, '广州地中海国际酒店', '广州市', 5, '【 火车东站/天河体育中心 珠江新城/五羊新城商圈 】天河区 天河路518号', 20, 89, '1 (26).jpg');
INSERT INTO `hotel` VALUES (27, '广州美林湖温泉大酒店', '广州市', 5, '【 花都融创文旅城周边 】花都区 山前旅游大道168号', 20, 89, '1 (27).jpg');
INSERT INTO `hotel` VALUES (28, '广州生物岛高新木莲庄酒店', '广州市', 4, '【 琶洲国际会展中心附近 】海珠区 国际生物岛星岛环南路106号', 20, 89, '1 (28).jpg');
INSERT INTO `hotel` VALUES (29, '广州卓美亚酒店', '广州市', 5, '【 珠江新城/五羊新城商圈 火车东站/天河体育中心 】天河区 珠江东路12号', 20, 89, '1 (29).jpg');
INSERT INTO `hotel` VALUES (30, '柏高·颂酒店(广州环市东路店)', '广州市', 4, '【 环市东路附近 火车东站/天河体育中心 】越秀区 环市东路486号（广粮大厦）', 20, 89, '1 (30).jpg');
INSERT INTO `hotel` VALUES (31, '斯维登服务公寓(广州琶洲国际会展门店)', '广州市', 4, '【 琶洲国际会展中心附近 天河公园/东圃商圈 】海珠区 新港东路琶洲商业广场琶洲新村2栋A座1楼大堂 ', 20, 89, '1 (31).jpg');
INSERT INTO `hotel` VALUES (32, '柏高·雅酒店(广州东圃天河城店)', '广州市', 5, '【 天河公园/东圃商圈 】天河区 中山大道中995号（黄村BRT旁）', 20, 89, '1 (32).jpg');
INSERT INTO `hotel` VALUES (33, '麗枫酒店(广州陈家祠地铁站店)', '广州市', 5, '【 沙面岛/上下九步行街 】荔湾区 龙津东路777号', 20, 89, '1 (33).jpg');
INSERT INTO `hotel` VALUES (34, '美豪酒店(深圳罗湖大剧院万象城店)', '深圳市', 5, '【 万象城/京基100 华强北商业区 】罗湖区 宝安南路2010号龙园创展大厦38楼', 20, 89, '1 (34).jpg');
INSERT INTO `hotel` VALUES (35, '深圳机场大酒店', '深圳市', 5, '【 宝安机场 】宝安区 机场六道1028号', 20, 89, '1 (35).jpg');
INSERT INTO `hotel` VALUES (36, '壹航酒店(深圳机场店)', '深圳市', 5, '【 宝安机场 】宝安区 宝安大道后瑞地铁站B出口壹航城T4栋', 20, 89, '1 (36).jpg');
INSERT INTO `hotel` VALUES (37, '深圳皇庭V国际公寓(原皇庭礼尚公寓)', '深圳市', 4, '【 会展中心/CBD 华强北商业区 】福田区 金田路2028号皇岗商务中心26楼办理入住 ', 20, 89, '1 (37).jpg');
INSERT INTO `hotel` VALUES (38, '天和酒店(深圳机场T3航站楼店)', '深圳市', 5, '【 宝安机场 】宝安区 兴华路1号', 20, 89, '1 (38).jpg');
INSERT INTO `hotel` VALUES (39, '呼噜栈酒店(深圳香蜜湖店)', '深圳市', 4, '【 会展中心/CBD 华侨城 】福田区 红荔西路与农轩路交汇处，东海城市广场对面', 20, 89, '1 (39).jpg');
INSERT INTO `hotel` VALUES (40, '天津天塔丽呈睿轩酒店', '天津市', 5, '【 梅江会展/奥体中心区 滨江道/小白楼/五大道风景区 】河西区 体院北环湖中道10号与卫津南路交口', 15, 67, '1 (40).jpg');
INSERT INTO `hotel` VALUES (41, '美豪丽致酒店(天津滨江道店)', '天津市', 4, '【 滨江道/小白楼/五大道风景区 天津站/古文化街/意大利风情区 】', 15, 67, '1 (41).jpg');
INSERT INTO `hotel` VALUES (42, '天津中心悦禾涉外服务公寓', '天津市', 5, '【 滨江道/小白楼/五大道风景区 天津站/古文化街/意大利风情区 】和平区 南京路219号天津中心公寓一楼前台 ', 15, 67, '1 (42).jpg');
INSERT INTO `hotel` VALUES (43, '天津富力万达文华酒店', '天津市', 5, '【 河东/万达商业区 滨江道/小白楼/五大道风景区 】河东区 大直沽八号路486号', 15, 67, '1 (43).jpg');
INSERT INTO `hotel` VALUES (44, '重庆天怡国宾大饭店', '重庆市', 5, '【 奉节白帝城 】奉节 西部新区夔门时代大厦A栋', 15, 69, '1 (44).jpg');
INSERT INTO `hotel` VALUES (45, '重庆丽思瑞酒店', '重庆市', 5, '【 解放碑/洪崖洞 观音桥/九街/北滨路 】渝中区 民族路188号69层', 15, 69, '1 (45).jpg');
INSERT INTO `hotel` VALUES (46, '重庆威灵顿酒店', '重庆市', 4, '【 冉家坝/龙溪 观音桥/九街/北滨路 】渝北区 红锦大道609号中国移动大厦正对面', 15, 69, '1 (46).jpg');
INSERT INTO `hotel` VALUES (47, '成都昊枫酒店', '成都市', 5, '【 双流万达/体育中心 双流国际机场地区 】双流区 东升镇北仓路196号', 20, 88, '1 (47).jpg');
INSERT INTO `hotel` VALUES (48, '成都城市名人酒店', '成都市', 5, '【 天府广场/盐市口商业区 春熙路/太古里商业区 】青羊区 人民南路一段122-124号', 20, 88, '1 (48).jpg');
INSERT INTO `hotel` VALUES (50, '成都蓝城悦杏温泉美食酒店', '成都市', 5, '【 宽窄巷子/中医学院附近地区 天府广场/盐市口商业区 】槐树街35号', 20, 88, '1 (50).jpg');
INSERT INTO `hotel` VALUES (51, '来住H·HOTEL(成都太古里九眼桥店)', '成都市', 5, '【 水碾河/万象城 春熙路/太古里商业区 】锦江区 通宝街99号泰合国际财富中心6栋二单元', 20, 88, '1 (51).jpg');
INSERT INTO `hotel` VALUES (379, '成都怡特酒店', '成都市', 5, '成都 金牛区 一环路西三段5号附1-20号1幢1单元25层 【 宽窄巷子/中医学院附近地区 锦里/武侯祠附近地区 】', 10, 48, '1 (52).jpg');
INSERT INTO `hotel` VALUES (380, '成都京元丽呈酒店', '成都市', 4, '成都 新都区 蓉都大道南四段115号 【 新都大学城/大丰地区 熊猫基地附近地区 】', 22, 77, '1 (53).jpg');
INSERT INTO `hotel` VALUES (381, '世贸成都茂御酒店', '成都市', 5, 'CHN四川省成都市成华区建设北路一段 58 号610051', 22, 55, '1 (54).jpg');
INSERT INTO `hotel` VALUES (382, '成都华尔道夫酒店', '成都市', 5, '天府大道北段 1199 号, 高新区, 成都市, 四川, 610041, 中国', 22, 55, '1 (55).jpg');
INSERT INTO `hotel` VALUES (383, '如家快捷酒店 - 成都机场路店 ', '成都市', 4, '双流县双流机场路土桥段217号, 成都, 四川, 610072, 中国', 22, 77, '1 (56).jpg');
INSERT INTO `hotel` VALUES (384, '春熙美居酒店', '成都市', 3, '暑袜北三街 20 号东楼, 锦江区, 成都市, 四川省, 610020, 中国', 22, 77, '1 (57).jpg');
INSERT INTO `hotel` VALUES (386, '南京禄口机场铂尔曼大酒店', '南京市', 5, '南京禄口国际机场, 江宁区禄口镇, 南京市, 江苏省, 211113, 中国', 22, 66, '1 (59).jpg');
INSERT INTO `hotel` VALUES (387, '南京索菲特银河大饭店 ', '南京市', 5, '山西路 9 号, 南京市, 江苏省, 210009, 中国', 22, 77, '1 (60).jpg');
INSERT INTO `hotel` VALUES (388, '圣和府邸豪华精选酒店', '南京市', 5, '靠近南京大学的豪华酒店，设有 4 间餐厅', 1, 5, '1 (61).jpg');
INSERT INTO `hotel` VALUES (389, '宜必思南京中华酒店 (ibis Nanjing Zhonghua)', '南京市', 3, '中华路 1 号, 白下区, 南京市, 江苏省, 210001, 中国', 1, 5, '1 (62).jpg');
INSERT INTO `hotel` VALUES (390, '南京漾应青春里酒店 (Young Inn)', '南京市', 3, '膺福街 20 号, 秦淮区, 南京市, 江苏省, 210000, 中国', 1, 5, '1 (63).jpg');
INSERT INTO `hotel` VALUES (391, '南京曙光国际大酒店 (Nanjing Shuguang International Hotel)', '南京市', 4, '玄武区龙蟠路107号, 南京, 中国', 1, 5, '1 (64).jpg');
INSERT INTO `hotel` VALUES (392, '南京新街口苏宁诺富特酒店 (Novotel Nanjing Central Suning)', '南京市', 4, '淮海路 68 号, 秦淮区, 南京市, 江苏省, 210005, 中国', 1, 5, '1 (65).jpg');
INSERT INTO `hotel` VALUES (393, '格林联盟南京市鸡鸣寺地铁站东南大学酒店 ', '南京市', 3, '玄武区成贤街 57 号, 南京市, 江苏省, 中国', 2, 10, '1 (66).jpg');
INSERT INTO `hotel` VALUES (394, '格林豪泰南京禄口空港将军大道快捷酒店 (GreenTree Inn NanJing Lukou KongGang General Avenue Express Hotel)', '南京市', 2, '将军大道 666 号, 江宁区, 南京市, 江苏省, 中国', 1, 5, '1 (67).jpg');
INSERT INTO `hotel` VALUES (395, '南京绿地洲际酒店 (InterContinental Nanjing)', '南京市', 5, '中央路1号, 鼓楼区, 南京, 江苏, 210008, 中国', 1, 5, '1 (68).jpg');
INSERT INTO `hotel` VALUES (396, '南京凯铂精品酒店 (The Cumberland Boutique Hotel)', '南京市', 4, '中山路 102 号, 宣武区, 南京市, 江苏省, 210005, 中国', 1, 5, '1 (69).jpg');
INSERT INTO `hotel` VALUES (397, '南京溧水智选假日酒店 (Holiday Inn Express Nanjing Lishui)', '南京市', 3, '中大街 68 号, 南京市, 211200, 中国', 1, 5, '1 (70).jpg');
INSERT INTO `hotel` VALUES (398, '南京香格里拉大酒店 (Shangri-La Hotel Nanjing)', '南京市', 5, '中央路 329 号, 南京市, 江苏省, 210037, 中国', 2, 9, '1 (71).jpg');
INSERT INTO `hotel` VALUES (399, '苏宁雅悦行政公寓 (Suning Auraya Suites)', '南京市', 4, '公寓淮海路 88 号, 秦淮区, 南京市, 210000, 中国', 1, 5, '1 (72).jpg');
INSERT INTO `hotel` VALUES (400, '青岛香格里拉大酒店 (Shangri-La Hotel, Qingdao)', '青岛市', 5, '香港中路9号, 青岛, 山东, 266071, 中国', 1, 5, '1 (73).jpg');
INSERT INTO `hotel` VALUES (401, '铂尔曼青岛紫玥酒店 (Pullman Qingdao Ziyue)', '青岛市', 3, '重庆北路 277 号, 城阳区, 青岛市, 山东省, 266108, 中国', 1, 5, '1 (74).jpg');
INSERT INTO `hotel` VALUES (402, '锦江之星青岛五四广场南京路酒店 (Jinjiang Inn Qingdao Nanjing Road)', '青岛市', 2, '市南区南京路 100 号, 青岛市, 山东省, 266071, 中国', 1, 5, '1 (75).jpg');
INSERT INTO `hotel` VALUES (403, '青岛市中心假日酒店 (Holiday Inn Qingdao City Centre)', '青岛市', 4, '徐州路 1 号, 青岛市, 山东省, 266071, 中国', 1, 5, '1 (76).jpg');
INSERT INTO `hotel` VALUES (404, '青岛景园假日酒店 (Holiday Inn Qingdao Parkview)', '青岛市', 4, '兴阳路306号, 青岛, 山东, 266109, 中国', 1, 5, '1 (77).jpg');
INSERT INTO `hotel` VALUES (405, '青岛颐中皇冠假日酒店 (Crowne Plaza Hotel Qingdao)', '青岛市', 4, '香港中路76号, 青岛, 山东, 266071, 中国', 1, 5, '1 (78).jpg');
INSERT INTO `hotel` VALUES (406, '青岛开元名都大酒店 (Grand New Century Hotel)', '青岛市', 4, '長江中路 230 號, 青岛市, 266555, 中国', 1, 5, '1 (79).jpg');
INSERT INTO `hotel` VALUES (407, '青岛鑫江温德姆酒店 (Wyndham Qingdao)', '青岛市', 4, '黑龙江中路 220 号, 城阳区, 青岛市, 山东省, 266107, 中国', 1, 5, '1 (80).jpg');
INSERT INTO `hotel` VALUES (408, '青岛快通国际酒店 (Qingdao Kuaitong International Hotel)', '青岛市', 4, '城阳区民航路 89 号, 青岛市, 山东省, 中国', 1, 5, '1 (81).jpg');
INSERT INTO `hotel` VALUES (409, '青岛宝龙福朋喜来登酒店 (Four Points by Sheraton Qingdao Chengyang)', '青岛市', 4, '文阳路 271 号, 城阳区, 青岛市, 山东省, 266000, 中国', 1, 5, '1 (82).jpg');
INSERT INTO `hotel` VALUES (410, '青岛海尔洲际酒店 (InterContinental Qingdao)', '青岛市', 5, '澳门路 98 号, 青岛市, 山东省, 266071, 中国', 1, 5, '1 (83).jpg');
INSERT INTO `hotel` VALUES (411, '青岛鲁商凯悦酒店 (Hyatt Regency Qingdao)', '青岛市', 4, '东海东路88号, 崂山区, 青岛, 山东, 266061, 中国', 1, 5, '1 (84).jpg');
INSERT INTO `hotel` VALUES (412, '昆山金鹰尚美酒店 (Golden Eagle Summit Hotel Kunshan)', '苏州市', 4, '珠江中路 199 号, 玉山镇, 苏州市, 江苏省, 215300, 中国', 1, 5, '1 (85).jpg');
INSERT INTO `hotel` VALUES (413, '苏州中惠铂尔曼酒店 (Pullman Suzhou Zhonghui)', '苏州市', 4, '嘉元路 188 号, 相城区, 苏州市, 江苏省, 215131, 中国', 1, 5, '1 (86).jpg');
INSERT INTO `hotel` VALUES (414, '苏州吴宫泛太平洋酒店 (Pan Pacific Suzhou)', '苏州市', 4, '沧浪区新市路259号, 苏州, 江苏, 215007, 中国', 1, 5, '1 (87).jpg');
INSERT INTO `hotel` VALUES (415, '宜必思苏州工业园区中心酒店 (ibis Suzhou Sip)', '苏州市', 3, '苏州大道东 292 号, 工业园区, 苏州市, 江苏省, 215028, 中国', 1, 5, '1 (88).jpg');
INSERT INTO `hotel` VALUES (416, '苏州文博诺富特酒店 (Novotel Suzhou SIP)', '苏州市', 4, '苏州大道东 688 号, 苏州市, 215027, 中国', 1, 5, '1 (89).jpg');
INSERT INTO `hotel` VALUES (417, '苏州香格里拉大酒店 (Shangri-La Hotel Suzhou)', '苏州市', 5, '塔园路168号, 高新区, 苏州, 江苏, 215011, 中国', 1, 5, '1 (90).jpg');
INSERT INTO `hotel` VALUES (418, '桔子酒店', '上海市', 3, '【 浦东机场核心区 迪士尼度假区 】浦东新区 祝桥镇施湾六路566号3幢', 1, 5, '1 (91).jpg');
INSERT INTO `hotel` VALUES (419, '宿适轻奢酒店(上海火车站店)', '上海市', 3, '静安区 恒丰路111号', 1, 5, '1 (92).jpg');
INSERT INTO `hotel` VALUES (420, '唯庭酒店(上海外滩店)', '上海市', 4, '黄浦区 中山南路969号谷泰滨江大厦3F-6F', 1, 5, '1 (93).jpg');
INSERT INTO `hotel` VALUES (421, '天津金皇大酒店', '天津市', 4, '河西区 南京路18号', 1, 5, '1 (94).jpg');
INSERT INTO `hotel` VALUES (422, '天津泰达国际酒店', '天津市', 5, '滨海新区 经济开发区第二大街8号', 1, 5, '1 (95).jpg');
INSERT INTO `hotel` VALUES (423, '格林东方酒店', '天津市', 3, '武清区 东蒲洼街翠通路2号', 1, 5, '1 (96).jpg');
INSERT INTO `hotel` VALUES (424, '铂尔斯酒店', '重庆市', 3, '渝北区 双凤桥街道24号金港国际14幢-2-8', 1, 5, '1 (97).jpg');
INSERT INTO `hotel` VALUES (425, '重庆何夜青旅酒店', '重庆市', 4, '渝中区 临江路69号邹容广场B座8楼、近轻轨临江门站', 1, 5, '1 (98).jpg');
INSERT INTO `hotel` VALUES (426, '希岸酒店', '重庆市', 4, '渝中区 解放碑大同路45号，金鹰女人街旁', 1, 5, '1 (99).jpg');
INSERT INTO `hotel` VALUES (427, '杭州马可波罗假日酒店', '杭州市', 5, '上城区 平海路38号 【 西湖湖滨商圈 】', 2, 10, '1 (100).jpg');
INSERT INTO `hotel` VALUES (428, '浙江西湖山庄', '杭州市', 4, '杭州 西湖区 北山街84号 【 西湖风景区/灵隐度假区 西湖湖滨商圈 】', 1, 5, '1 (101).jpg');
INSERT INTO `hotel` VALUES (429, '建德半岛凯豪大酒店', '杭州市', 5, '建德 新安东路688号 【 新城区 】', 1, 5, '1 (102).jpg');
INSERT INTO `hotel` VALUES (430, '杭州马可波罗滨湖酒店', '杭州市', 5, '杭州 上城区 浣纱路99号 【 西湖湖滨商圈 】', 1, 5, '1 (103).jpg');
INSERT INTO `hotel` VALUES (431, '浙江梅地亚宾馆', '杭州市', 3, '上城区 长生路18号，庆春路203号（北门）', 1, 5, '1 (104).jpg');
INSERT INTO `hotel` VALUES (432, '浙江大酒店', '杭州市', 3, '下城区 延安路595号 【 武林广场附近 西湖湖滨商圈 】', 1, 5, '1 (105).jpg');
INSERT INTO `hotel` VALUES (433, '大连新世界酒店 New World Dalian Hotel', '大连市', 5, '大连 中山区 人民路41号 【 中山广场/人民路东港商务区 】', 1, 5, '1 (106).jpg');
INSERT INTO `hotel` VALUES (434, '大连友好禧玥酒店', '大连市', 5, '大连 中山区 一德街5号 【 中山广场/人民路东港商务区 】', 1, 5, '1 (107).jpg');
INSERT INTO `hotel` VALUES (435, '大连国际金融会议中心海景酒店', '大连市', 5, '大连 西岗区 滨海西路68号 【 付家庄海滨浴场 】', 1, 5, '1 (108).jpg');
INSERT INTO `hotel` VALUES (436, '璞隐酒店(大连火车站友好广场地铁站店)', '大连市', 4, '大连 中山区 一德街11号 【 中山广场/人民路东港商务区 】', 1, 5, '1 (109).jpg');
INSERT INTO `hotel` VALUES (437, '开元曼居臻选·大连人民广场市政府店', '大连市', 4, '大连 西岗区 新开路78号 【 人民广场/大连市政府 大连火车站/青泥洼桥 】', 1, 5, '1 (110).jpg');
INSERT INTO `hotel` VALUES (438, '如家商旅酒店(大连开发区万达广场店)', '大连市', 3, '大连 金州区 开发区辽河西路115-55号 【 经济技术开发区 】', 1, 5, '1 (111).jpg');
INSERT INTO `hotel` VALUES (439, '大连南航明珠大酒店', '大连市', 3, '大连 甘井子区 迎客路69号 【 大连国际机场 】', 1, 5, '1 (112).jpg');
INSERT INTO `hotel` VALUES (440, '大连星海广场缤悦酒店公寓', '大连市', 2, '大连 沙河口区 星海大观F区4A号6层', 1, 5, '1 (113).jpg');
INSERT INTO `hotel` VALUES (441, 'Q加·大连海之星酒店式公寓', '大连市', 1, '大连 沙河口区 太原街与胜利路交汇处新星星海中心C座9层', 1, 5, '1 (114).jpg');
INSERT INTO `hotel` VALUES (442, '西安诺世嘉顿酒店', '西安市', 5, '西安 未央区 开元路210号', 1, 5, '1 (115).jpg');
INSERT INTO `hotel` VALUES (443, '雅致酒店(西安曲江大雁塔店)', '西安市', 5, '西安 雁塔区 芙蓉西路106号', 1, 5, '1 (116).jpg');
INSERT INTO `hotel` VALUES (444, '西安琳凯诺酒店', '西安市', 5, '西安 莲湖区 西大街311号', 1, 5, '1 (117).jpg');
INSERT INTO `hotel` VALUES (445, '苏州吴宫泛太平洋酒店', '苏州市', 5, '虎丘区狮山路1号', 1, 5, '1 (118).jpg');
INSERT INTO `hotel` VALUES (446, '苏州新城花园丽呈华廷酒店', '苏州市', 5, '虎丘区狮山路1号', 1, 5, '1 (119).jpg');
INSERT INTO `hotel` VALUES (447, '苏州金陵雅都大酒店', '苏州市', 5, '姑苏区三香路488号。', 1, 5, '1 (120).jpg');
INSERT INTO `hotel` VALUES (448, '苏州金鸡湖希尔顿欢朋酒店', '苏州市', 4, '吴中区工业园区东环路88号。', 1, 5, '1 (121).jpg');
INSERT INTO `hotel` VALUES (449, '格林东方酒店(苏州山塘街店)', '苏州市', 4, '姑苏区阊门内下塘外五泾6弄（4号、10号楼）。', 1, 5, '1 (122).jpg');
INSERT INTO `hotel` VALUES (450, '苏州慢享主题酒店', '苏州市', 3, '姑苏区景德路26-64号。', 1, 5, '1 (123).jpg');
INSERT INTO `hotel` VALUES (451, '苏州拙政别苑酒店', '苏州市', 3, '姑苏区百家巷35号。', 1, 5, '1 (124).jpg');
INSERT INTO `hotel` VALUES (452, '苏州禺钰客栈(原嘉禾商务宾馆)', '苏州市', 2, '姑苏区园林路狮林寺巷24号。 ', 1, 5, '1 (125).jpg');
INSERT INTO `hotel` VALUES (453, '苏州长风酒店', '苏州市', 1, '姑苏区东北街90号。', 1, 5, '1 (126).jpg');
INSERT INTO `hotel` VALUES (454, '无锡瑞廷西郊酒店', '无锡市', 5, '滨湖区建筑路777号A1幢。', 1, 5, '1 (127).jpg');
INSERT INTO `hotel` VALUES (455, '美豪丽致酒店(无锡丽致旗舰店)', '无锡市', 5, '梁溪区学前东路797号美豪大厦。', 1, 5, '1 (128).jpg');
INSERT INTO `hotel` VALUES (456, '无锡德根饭店', '无锡市', 5, '梁溪区中山路335号华光大厦内。', 1, 5, '1 (129).jpg');
INSERT INTO `hotel` VALUES (457, '无锡优享家·臻选酒店公寓(原城开中心太平洋国际公寓滨湖店)', '无锡市', 4, '滨湖区太湖西大道1886号', 1, 5, '1 (130).jpg');
INSERT INTO `hotel` VALUES (458, '无锡壹笙酒店', '无锡市', 4, '梁溪区淘沙巷11号,近地铁1号线南禅寺站。', 1, 5, '1 (131).jpg');
INSERT INTO `hotel` VALUES (459, '无锡锦瑞大酒店', '无锡市', 3, '滨湖区吴都路星光广场171号。', 1, 5, '1 (132).jpg');
INSERT INTO `hotel` VALUES (460, '柏宜酒店(无锡太湖广场店)(原绿色广场大酒店)', '无锡市', 3, '梁溪区清扬路101号', 1, 5, '1 (133).jpg');
INSERT INTO `hotel` VALUES (461, '无锡本心庐拈花禅房客栈', '无锡市', 2, '滨湖区灵山小镇拈花湾景区里面G区竹溪', 1, 5, '1 (134).jpg');
INSERT INTO `hotel` VALUES (462, '无锡拈花一笑客栈', '无锡市', 1, '滨湖区马山环山西路拈花湾别墅区F65-106', 1, 5, '1 (135).jpg');
INSERT INTO `hotel` VALUES (463, '常州富都长江龙城大酒店', '常州市', 5, '武进区常武中路18-28号。 地图', 1, 5, '1 (136).jpg');
INSERT INTO `hotel` VALUES (464, '常州都喜天丽富都中航酒店', '常州市', 5, '钟楼区五星街道星港路8号。', 1, 5, '1 (137).jpg');
INSERT INTO `hotel` VALUES (465, '常州福记逸高酒店', '常州市', 5, '新北区汉江东路99号。', 1, 5, '1 (138).jpg');
INSERT INTO `hotel` VALUES (466, '美豪酒店(常州恐龙园旗舰店)', '常州市', 4, '新北区新北区珠江路88号。', 1, 5, '1 (139).jpg');
INSERT INTO `hotel` VALUES (467, '常州丽豪假日酒店', '常州市', 4, '钟楼区勤业路银华商业广场1-101勤业中学正对面。', 1, 5, '1 (140).jpg');
INSERT INTO `hotel` VALUES (468, '喜悦门酒店(常州清凉寺地铁站店)', '常州市', 3, '武进区淹城旅游区常乐坊(中医街)60号。', 1, 5, '1 (141).jpg');
INSERT INTO `hotel` VALUES (469, '常州春秋水岸精品酒店', '常州市', 3, '武进区淹城旅游区常乐坊(中医街)60号。', 1, 5, '1 (142).jpg');
INSERT INTO `hotel` VALUES (470, '三木公寓(常州吾悦国际店)', '常州市', 2, '新北区新桥镇新桥商业广场1幢301、401号。', 1, 5, '1 (143).jpg');
INSERT INTO `hotel` VALUES (471, '乐度炫彩酒店(常州新桥店)', '常州市', 1, '新北区新桥镇新桥商业广场1幢301、401号。', 1, 5, '1 (144).jpg');
INSERT INTO `hotel` VALUES (472, '温州岩海山居', '温州市', 5, '洞头区北岙街道沙岙路2号（洞头县凸垄底村）。', 1, 5, '1 (145).jpg');
INSERT INTO `hotel` VALUES (473, '温州华侨饭店', '温州市', 5, '鹿城区信河街1号。', 1, 5, '1 (146).jpg');
INSERT INTO `hotel` VALUES (474, '温州万和豪生大酒店', '温州市', 5, '鹿城区江滨东路1号。 ', 1, 5, '1 (147).jpg');
INSERT INTO `hotel` VALUES (475, '温度源酒店（温州南站店）', '温州市', 4, '瓯海区瓯海大道995号仁汇大厦。 ', 1, 5, '1 (148).jpg');
INSERT INTO `hotel` VALUES (476, '温州国际大酒店', '温州市', 4, '鹿城区人民中路1号', 1, 5, '1 (149).jpg');
INSERT INTO `hotel` VALUES (477, '温州吾関酒店', '温州市', 3, '鹿城区黎明中路96号', 1, 5, '1 (150).jpg');
INSERT INTO `hotel` VALUES (478, '温州荣欣楼大酒店', '温州市', 3, '龙湾区永强镇宁村宁城西路133号海滨安心公寓。', 1, 5, '1 (151).jpg');
INSERT INTO `hotel` VALUES (479, '温州万紫精品酒店', '温州市', 2, '龙湾区永强大道4968号。', 1, 5, '1 (152).jpg');
INSERT INTO `hotel` VALUES (480, '温州尊享K·W思铂酒店', '温州市', 1, '鹿城区吴桥路33号', 1, 5, '1 (153).jpg');
INSERT INTO `hotel` VALUES (481, '武汉江城明珠豪生大酒店', '武汉市', 5, '江岸区沿江大道182号', 1, 5, '1 (154).jpg');
INSERT INTO `hotel` VALUES (482, '武汉马哥孛罗酒店', '武汉市', 5, '江岸区沿江大道159号', 1, 5, '1 (155).jpg');
INSERT INTO `hotel` VALUES (483, '武汉丹枫白露酒店', '武汉市', 5, '江岸区三阳路118号(三阳金城二期)', 1, 5, '1 (156).jpg');
INSERT INTO `hotel` VALUES (484, '武汉中南地铁站雅斯特国际酒店', '武汉市', 4, '武昌区武珞路230号裕阳大厦', 1, 5, '1 (157).jpg');
INSERT INTO `hotel` VALUES (485, '秋果酒店(武汉新华路店)', '武汉市', 4, '江岸区台北一路14号2栋2-5楼。', 1, 5, '1 (158).jpg');
INSERT INTO `hotel` VALUES (486, '凯莱熙酒店(武汉黄鹤楼户部巷店)', '武汉市', 3, '武昌区解放路456号。', 1, 5, '1 (159).jpg');
INSERT INTO `hotel` VALUES (487, '麗枫酒店(武汉吉庆街店)', '武汉市', 3, '江岸区铭新街9号德润大厦1楼。', 1, 5, '1 (160).jpg');
INSERT INTO `hotel` VALUES (488, '武汉乐之旅商务酒店', '武汉市', 2, '黄陂区天河街正松街3号', 1, 5, '1 (161).jpg');
INSERT INTO `hotel` VALUES (489, '武汉景悦公寓酒店(楚河汉街店)', '武汉市', 1, '洪山区楚河汉街松竹路万达环球国际中心2号楼24楼。', 1, 5, '1 (162).jpg');
INSERT INTO `hotel` VALUES (490, '长沙异国风情御尊酒店', '长沙市', 5, '天心区湘江中路2段18号', 1, 5, '1 (163).jpg');
INSERT INTO `hotel` VALUES (491, '长沙雅士亚豪生酒店', '长沙市', 5, '雨花区韶山北路258号。', 1, 5, '1 (164).jpg');
INSERT INTO `hotel` VALUES (492, '长沙万家丽国际大酒店', '长沙市', 5, '芙蓉区万家丽中路99号万家丽国际购物广场北门，办理入住手续在酒店26层大堂（位于西北方向）', 1, 5, '1 (165).jpg');
INSERT INTO `hotel` VALUES (493, '长沙延年神禹酒店', '长沙市', 4, '雨花区劳动西路529号', 1, 5, '1 (166).jpg');
INSERT INTO `hotel` VALUES (494, '长沙潇影华美达酒店', '长沙市', 4, '雨花区韶山中路1号潇影大厦', 1, 5, '1 (167).jpg');
INSERT INTO `hotel` VALUES (495, '喆啡酒店(长沙火车站天佑大厦店)', '长沙市', 3, '芙蓉区八一路10号', 1, 5, '1 (168).jpg');
INSERT INTO `hotel` VALUES (496, '米漾米居酒店(长沙火车站店)', '长沙市', 3, '芙蓉区朝阳街道车站中路39号宇成朝阳广场1栋15层', 1, 5, '1 (169).jpg');
INSERT INTO `hotel` VALUES (497, '长沙县临空港湾大酒店', '长沙市', 2, '黄花镇机场口社区金鹏名都17栋', 1, 5, '1 (170).jpg');
INSERT INTO `hotel` VALUES (498, '今至公寓酒店（长沙五一广场壹号公馆店）', '长沙市', 1, '芙蓉区五一广场南阳街8号壹号公馆21层2110房。', 1, 5, '1 (171).jpg');
INSERT INTO `hotel` VALUES (499, '石家庄以岭健康城凯旋门大酒店', '石家庄市', 5, '裕华区天山大街238号', 1, 5, '1 (172).jpg');
INSERT INTO `hotel` VALUES (500, '河北国山宾馆', '石家庄市', 5, '鹿泉区观景大街33号（鹿泉区）', 1, 5, '1 (173).jpg');
INSERT INTO `hotel` VALUES (501, '石家庄云瑧金陵世贸广场酒店', '石家庄市', 5, '鹿泉区观景大街33号（鹿泉区）', 1, 5, '1 (174).jpg');
INSERT INTO `hotel` VALUES (502, '石家庄华庭时尚商务酒店', '石家庄市', 4, '长安区中山东路192号', 1, 5, '1 (175).jpg');
INSERT INTO `hotel` VALUES (503, '石家庄美丽华大酒店', '石家庄市', 4, '长安区体育北大街56号', 1, 5, '1 (176).jpg');
INSERT INTO `hotel` VALUES (504, '石家庄新濠假日酒店', '石家庄市', 3, '桥西区新华西路568号', 1, 5, '1 (177).jpg');
INSERT INTO `hotel` VALUES (505, ' 石家庄千舍精品酒店', '石家庄市', 3, '桥西区中山西路108号华润万象城C座8层', 1, 5, '1 (178).jpg');
INSERT INTO `hotel` VALUES (506, '7天连锁酒店(石家庄火车站店)', '石家庄市', 2, '桥西区火车站西广场西侧的汇龙国际5-6楼', 1, 5, '1 (179).jpg');
INSERT INTO `hotel` VALUES (507, '石家庄宝洋精致酒店', '石家庄市', 1, '新华区中华北大街188号', 1, 5, '1 (180).jpg');
INSERT INTO `hotel` VALUES (508, '南昌凯美格兰云天大酒店', '南昌市', 5, '青山湖区南京东路1515号', 1, 5, '1 (181).jpg');
INSERT INTO `hotel` VALUES (509, '南昌凯美开元名都大酒店', '南昌市', 5, '青山湖区湖滨南路99号', 2, 10, '1 (182).jpg');
INSERT INTO `hotel` VALUES (510, '江西宾馆', '南昌市', 5, '青山湖区湖滨南路99号', 1, 5, '1 (183).jpg');
INSERT INTO `hotel` VALUES (511, '南昌红谷滩希尔顿欢朋酒店', '南昌市', 4, '青山湖区红谷滩新区丰和南大道2888号', 1, 5, '1 (184).jpg');
INSERT INTO `hotel` VALUES (512, '南昌滕王阁希尔顿欢朋酒店', '南昌市', 4, '东湖区沿江北大道1555号', 1, 5, '1 (185).jpg');
INSERT INTO `hotel` VALUES (513, '宜尚酒店(南昌八一广场店)', '南昌市', 3, '西湖区八一大道122号', 1, 5, '1 (186).jpg');
INSERT INTO `hotel` VALUES (514, '南昌唯客尚品酒店', '南昌市', 3, '西湖区洛阳路70号', 1, 5, '1 (187).jpg');
INSERT INTO `hotel` VALUES (515, '南昌早安旅居酒店公寓', '南昌市', 2, '东湖区红谷滩新区会展路与江报路交汇处69号唐宁街A座17楼', 1, 5, '1 (188).jpg');
INSERT INTO `hotel` VALUES (516, '南昌江锦酒店公寓', '南昌市', 1, '东湖区红谷滩新区会展路与江报路交汇处69号唐宁街A座17楼', 1, 5, '1 (189).jpg');
INSERT INTO `hotel` VALUES (517, '三亚哈曼度假酒店', '三亚市', 5, '凤凰路155号', 1, 5, '1 (190).jpg');
INSERT INTO `hotel` VALUES (518, '三亚湾红树林度假世界(菩提酒店)', '三亚市', 5, '凤凰路155号', 1, 5, '1 (191).jpg');
INSERT INTO `hotel` VALUES (519, '三亚凤凰岛度假酒店', '三亚市', 5, '三亚湾路凤凰岛A座（海洋之月', 1, 5, '1 (192).jpg');
INSERT INTO `hotel` VALUES (520, '三亚国寿嘉园逸境康养度假酒店', '三亚市', 4, '海棠区林旺南路20号', 1, 5, '1 (193).jpg');
INSERT INTO `hotel` VALUES (521, '三亚亚龙湾雅阁温泉度假酒店', '三亚市', 4, '吉阳区亚龙湾龙溪路9号', 1, 5, '1 (194).jpg');
INSERT INTO `hotel` VALUES (522, '三亚9号主题公寓', '三亚市', 3, '友谊路6号擎天半岛A204', 1, 5, '1 (195).jpg');
INSERT INTO `hotel` VALUES (523, '依海佳缘海景套房公寓(三亚湾店)', '三亚市', 3, '三亚湾路116号蓝色海岸小区G座-305室办理入住。', 1, 5, '1 (196).jpg');
INSERT INTO `hotel` VALUES (524, '三亚三步海客栈', '三亚市', 2, '吉阳区大东海海韵路与蓝海巷交汇处夏日百货必胜客旁', 1, 5, '1 (197).jpg');
INSERT INTO `hotel` VALUES (525, '三亚亚龙湾荷梵栖精选设计度假酒店', '三亚市', 1, '吉阳区亚龙湾博后村新坡一组34号', 1, 5, '1 (198).jpg');
INSERT INTO `hotel` VALUES (526, '合肥银泰君亭酒店', '合肥市', 5, '庐阳区长江中路98号。', 1, 5, '1 (199).jpg');
INSERT INTO `hotel` VALUES (527, '安徽世纪金源大饭店', '合肥市', 5, '滨湖新区徽州大道5558号', 1, 5, '1 (200).jpg');
INSERT INTO `hotel` VALUES (528, '安徽饭店', '合肥市', 5, '蜀山区梅山路18号', 1, 5, '1 (201).jpg');
INSERT INTO `hotel` VALUES (529, '合肥三孝口希尔顿欢朋酒店', '合肥市', 4, '庐阳区金寨路389号盛安广场B座', 1, 5, '1 (202).jpg');
INSERT INTO `hotel` VALUES (530, '合肥兰花丽呈酒店', '合肥市', 4, '蜀山区黄山路459号吉品荟兰花广场', 1, 5, '1 (203).jpg');
INSERT INTO `hotel` VALUES (531, '合肥维福顿服务公寓', '合肥市', 3, '蜀山区潜山路与万佛湖路交口天珑广场2号楼5楼平台', 1, 5, '1 (204).jpg');
INSERT INTO `hotel` VALUES (532, '合肥望江宾馆', '合肥市', 3, '蜀山区金寨路1号', 1, 5, '1 (205).jpg');
INSERT INTO `hotel` VALUES (533, '合肥天鹅湖畔酒店公寓', '合肥市', 2, '滨湖新区庐州大道与南宁路交口万达文旅城A栋25层', 1, 5, '1 (206).jpg');
INSERT INTO `hotel` VALUES (534, '麦壳艺术酒店(合肥滨湖万达茂店)', '合肥市', 1, '滨湖新区庐州大道与南宁路交口万达文旅城A栋25层', 1, 5, '1 (207).jpg');

-- ----------------------------
-- Table structure for order
-- ----------------------------
DROP TABLE IF EXISTS `order`;
CREATE TABLE `order`  (
  `oId` int(11) NOT NULL AUTO_INCREMENT COMMENT '序号',
  `no` varchar(255) CHARACTER SET utf8 COLLATE utf8_general_ci NULL DEFAULT NULL COMMENT '订单编号',
  `inTime` date NULL DEFAULT NULL COMMENT '入住时间',
  `outTime` date NULL DEFAULT NULL COMMENT '离宿时间',
  `money` double(11, 0) NULL DEFAULT NULL COMMENT '订单金额',
  `roomTypeId` int(11) NULL DEFAULT NULL COMMENT '房型',
  `roomCount` int(11) NULL DEFAULT 1 COMMENT '房间数量',
  `time` date NULL DEFAULT NULL COMMENT '下单时间',
  `userId` int(11) NULL DEFAULT NULL COMMENT '下单人id',
  `hotelId` int(11) NULL DEFAULT NULL COMMENT '酒店id',
  `state` varchar(255) CHARACTER SET utf8 COLLATE utf8_general_ci NULL DEFAULT '未付款' COMMENT '订单状态\r\n\r\n0未付款\r\n1已付款\r\n2已评价',
  `flag` int(11) NULL DEFAULT 1 COMMENT '1\\0',
  PRIMARY KEY (`oId`) USING BTREE
) ENGINE = InnoDB AUTO_INCREMENT = 399 CHARACTER SET = utf8 COLLATE = utf8_general_ci ROW_FORMAT = Compact;

-- ----------------------------
-- Records of order
-- ----------------------------
INSERT INTO `order` VALUES (1, '67594009', '2019-12-15', '2019-12-16', 1990, 4, 2, '2019-12-15', 2, 1, '已删除', 0);
INSERT INTO `order` VALUES (2, '19876453', '2019-12-25', '2019-12-27', 1794, 2, 3, '2019-12-25', 3, 2, '已付款', 1);
INSERT INTO `order` VALUES (3, '99008867', '2019-12-18', '2019-12-19', 398, 4, 1, '2019-12-18', 1, 11, '未付款', 1);
INSERT INTO `order` VALUES (5, 'QREfJSZ2', '2019-12-18', '2019-12-20', 7960, 4, 2, '2019-12-18', 1, 1, '未付款', 1);
INSERT INTO `order` VALUES (6, 'QREfJSZ5', '2019-12-19', '2019-12-20', 500, 4, 1, '2019-12-19', 3, 113, '已付款', 1);
INSERT INTO `order` VALUES (7, '99003667', '2019-12-04', '2019-12-05', 200, 2, 1, '2019-12-04', 3, 125, '已付款', 1);
INSERT INTO `order` VALUES (8, 'QREfJdds', '2019-12-19', '2019-12-20', 500, 4, 1, '2019-12-19', 3, 113, '已付款', 1);
INSERT INTO `order` VALUES (9, '9900dfdf', '2019-12-04', '2019-12-05', 200, 2, 1, '2019-12-04', 3, 125, '已付款', 1);
INSERT INTO `order` VALUES (10, '19876211', '2019-12-25', '2019-12-27', 1794, 2, 3, '2019-12-25', 3, 2, '已付款', 1);
INSERT INTO `order` VALUES (11, '99008709', '2019-12-18', '2019-12-19', 398, 4, 1, '2019-12-18', 1, 11, '未付款', 1);
INSERT INTO `order` VALUES (12, '09876567890', '2019-12-20', '2019-12-20', 999, 1, 10, '2019-12-20', 1, 1, '已评价', 1);
INSERT INTO `order` VALUES (229, '6000000309415864', '2019-12-24', '2019-12-25', 712, 2, 2, '2019-12-24', 1, 4, '已付款', 1);
INSERT INTO `order` VALUES (230, '6000001294977038', '2019-12-24', '2019-12-25', 796, 2, 2, '2019-12-24', 1, 11, '已付款', 1);
INSERT INTO `order` VALUES (234, '6000000035315675', '2019-12-24', '2019-12-25', 796, 2, 2, '2019-12-24', 66, 9, '已付款', 1);
INSERT INTO `order` VALUES (236, '7000001098889692', '2019-12-24', '2019-12-26', 1068, 4, 3, '2019-12-24', 66, 1, '已付款', 1);
INSERT INTO `order` VALUES (238, '5000001649293072', '2019-12-01', '2019-12-02', 199, 2, 1, '2019-12-24', 83, 1, '已付款', 1);
INSERT INTO `order` VALUES (239, '7000001093219679', '2019-12-01', '2019-12-02', 199, 2, 1, '2019-12-24', 83, 1, '已付款', 1);
INSERT INTO `order` VALUES (250, '7000000724277721', NULL, NULL, NULL, NULL, NULL, '2019-12-24', 84, 11, '未付款', 1);
INSERT INTO `order` VALUES (251, '7000001327906258', NULL, NULL, NULL, NULL, NULL, '2019-12-24', 1, 379, '未付款', 1);
INSERT INTO `order` VALUES (252, '8000000176315716', '2019-12-01', '2019-12-02', 1017, 3, 3, '2019-12-24', 83, 379, '已付款', 1);
INSERT INTO `order` VALUES (253, '3000002076333843', '2019-12-03', '2019-12-04', 596, 4, 2, '2019-12-25', 83, 1, '已删除', 0);
INSERT INTO `order` VALUES (320, '9000001597997486', NULL, NULL, NULL, NULL, NULL, '2019-12-25', 2, 397, '未付款', 1);
INSERT INTO `order` VALUES (321, '4000000051310513', NULL, NULL, NULL, NULL, NULL, '2019-12-25', 83, 393, '未付款', 1);
INSERT INTO `order` VALUES (322, '8000002056369423', '2019-12-25', '2019-12-26', 199, 2, 1, '2019-12-25', 85, 1, '未付款', 1);
INSERT INTO `order` VALUES (323, '2000000635465294', '2019-12-25', '2019-12-26', 568, 3, 1, '2019-12-25', 85, 1, '未付款', 1);
INSERT INTO `order` VALUES (324, '7000000685665127', NULL, NULL, NULL, NULL, NULL, '2019-12-25', 85, 1, '未付款', 1);
INSERT INTO `order` VALUES (325, '8000001066335016', '2019-12-04', '2019-12-05', 199, 2, 1, '2019-12-25', 85, 1, '已付款', 1);
INSERT INTO `order` VALUES (326, '4000002072755202', '2019-12-25', '2019-12-27', 398, 2, 2, '2019-12-25', 86, 1, '已删除', 0);
INSERT INTO `order` VALUES (327, '5000000074647192', '2019-12-25', '2019-12-26', 596, 4, 2, '2019-12-25', 86, 1, '已删除', 0);
INSERT INTO `order` VALUES (354, '4000000308059674', NULL, NULL, 298, NULL, NULL, '2019-12-25', 86, 1, '未付款', 1);
INSERT INTO `order` VALUES (355, '6000000505066217', NULL, NULL, 298, NULL, NULL, '2019-12-25', 86, 1, '未付款', 1);
INSERT INTO `order` VALUES (356, '8000002008182262', NULL, NULL, 199, NULL, NULL, '2019-12-25', 86, 1, '未付款', 1);
INSERT INTO `order` VALUES (357, '6000001702380430', NULL, NULL, 199, NULL, NULL, '2019-12-25', 86, 1, '未付款', 1);
INSERT INTO `order` VALUES (358, '5000002088421073', NULL, NULL, 199, NULL, NULL, '2019-12-25', 86, 1, '未付款', 1);
INSERT INTO `order` VALUES (359, '8000001830127093', NULL, NULL, 199, NULL, NULL, '2019-12-25', 86, 1, '未付款', 1);
INSERT INTO `order` VALUES (360, '3000000156140747', NULL, NULL, 199, NULL, NULL, '2019-12-25', 86, 1, '未付款', 1);
INSERT INTO `order` VALUES (361, '5000001410101298', '2019-12-01', '2019-12-03', 398, 2, 2, '2019-12-25', 86, 1, '已评价', 1);
INSERT INTO `order` VALUES (362, '4000001518000491', '2019-12-12', '2019-12-14', 692, 3, 2, '2019-12-25', 86, 398, '已删除', 0);
INSERT INTO `order` VALUES (363, '6000000498871845', '2019-12-12', '2019-12-13', 692, 3, 2, '2019-12-25', 86, 398, '已评价', 1);
INSERT INTO `order` VALUES (364, '6000000212890731', NULL, NULL, 346, NULL, NULL, '2019-12-25', 86, 398, '未付款', 1);
INSERT INTO `order` VALUES (365, '6000001995658606', NULL, NULL, 346, NULL, NULL, '2019-12-25', 86, 398, '未付款', 1);
INSERT INTO `order` VALUES (366, '3000001811118159', NULL, NULL, 346, NULL, NULL, '2019-12-25', 86, 398, '未付款', 1);
INSERT INTO `order` VALUES (367, '1000000197735819', NULL, NULL, 298, NULL, NULL, '2019-12-26', 86, 1, '未付款', 1);
INSERT INTO `order` VALUES (368, '4000000601550603', '2019-12-14', '2019-12-15', 596, 4, 2, '2019-12-26', 86, 1, '已评价', 1);
INSERT INTO `order` VALUES (369, '1000000630634608', '2019-12-01', '2019-12-02', 317, 2, 1, '2019-12-26', 86, 427, '已删除', 0);
INSERT INTO `order` VALUES (370, '2000001786069172', '2019-12-05', '2019-12-06', 398, 2, 2, '2019-12-27', 86, 1, '已删除', 0);
INSERT INTO `order` VALUES (371, '5000001202018395', '2019-12-01', '2019-12-02', 199, 2, 1, '2019-12-27', 86, 1, '已付款', 1);
INSERT INTO `order` VALUES (372, '9000000817780529', NULL, NULL, 306, NULL, NULL, '2019-12-27', 86, 397, '未付款', 1);
INSERT INTO `order` VALUES (373, '8000000167228363', NULL, NULL, 306, NULL, NULL, '2019-12-27', 86, 397, '未付款', 1);
INSERT INTO `order` VALUES (374, '9000002056751371', NULL, NULL, 306, NULL, 1, '2019-12-27', 86, 397, '未付款', 1);
INSERT INTO `order` VALUES (375, '1000000482417191', NULL, NULL, 306, NULL, 1, '2019-12-27', 2, 397, '未付款', 1);
INSERT INTO `order` VALUES (376, '5000001497262130', '2019-12-27', '2019-12-28', 306, 4, 1, '2019-12-27', 2, 397, '未付款', 1);
INSERT INTO `order` VALUES (377, '5000000780495349', '2019-12-27', '2019-12-28', 306, 4, 1, '2019-12-27', 2, 397, '未付款', 1);
INSERT INTO `order` VALUES (378, '8000001965798092', '2019-12-12', '2019-12-13', 612, 4, 2, '2019-12-27', 2, 397, '未付款', 1);
INSERT INTO `order` VALUES (379, '9000000872147988', '2019-12-01', '2019-12-02', 315, 4, 1, '2019-12-27', 89, 509, '已评价', 1);
INSERT INTO `order` VALUES (380, '1000000640755827', '2019-12-01', '2019-12-03', 596, 4, 2, '2019-12-27', 86, 1, '已评价', 1);
INSERT INTO `order` VALUES (381, '6000000586323008', '2019-12-27', '2019-12-29', 1990, 4, 1, '2019-12-27', 96, 1, '已付款', 1);
INSERT INTO `order` VALUES (382, '5000001425406481', '2019-12-27', '2019-12-29', 1990, 4, 1, '2019-12-27', 96, 1, '已付款', 1);
INSERT INTO `order` VALUES (383, '7000001848587098', '2019-12-01', '2019-12-04', 307, 3, 1, '2019-12-27', 96, 393, '已评价', 1);
INSERT INTO `order` VALUES (384, '8000002075786892', '2019-12-21', '2019-12-10', 614, 3, 2, '2019-12-27', 87, 393, '未付款', 1);
INSERT INTO `order` VALUES (385, '1000001722713084', '2019-12-28', '2019-12-28', 307, 3, 1, '2019-12-27', 87, 393, '已付款', 1);
INSERT INTO `order` VALUES (386, '4000000592850650', NULL, NULL, 330, NULL, 1, '2019-12-30', 86, 473, '未付款', 1);
INSERT INTO `order` VALUES (387, '8000000838223464', NULL, NULL, 330, NULL, 1, '2019-12-30', 86, 473, '未付款', 1);
INSERT INTO `order` VALUES (388, '1000000353164568', '2020-01-16', '2020-01-17', 307, 3, 1, '2020-01-16', 97, 393, '未付款', 1);
INSERT INTO `order` VALUES (389, '3000000548816894', '2020-01-21', '2020-01-22', 398, 2, 2, '2020-01-21', 86, 1, '已付款', 1);
INSERT INTO `order` VALUES (390, '4000001573343174', '2020-04-09', '2020-04-10', 199, 2, 1, '2020-04-08', 86, 1, '已删除', 0);
INSERT INTO `order` VALUES (391, '7000001320813588', '2020-04-10', '2020-04-11', 356, 4, 1, '2020-04-08', 86, 1, '已评价', 1);
INSERT INTO `order` VALUES (392, '2000001087529264', '2020-04-16', '2020-04-16', 307, 3, 1, '2020-04-15', 86, 393, '未付款', 1);
INSERT INTO `order` VALUES (393, '9000001219017666', '2020-04-09', '2020-04-16', 315, 4, 1, '2020-04-23', 99, 496, '未付款', 1);
INSERT INTO `order` VALUES (394, '4000001414126123', '2020-04-09', '2020-04-23', 315, 4, 1, '2020-04-23', 99, 496, '未付款', 1);
INSERT INTO `order` VALUES (395, '2000002022725061', NULL, NULL, 315, NULL, 1, '2020-04-29', 99, 509, '未付款', 1);
INSERT INTO `order` VALUES (396, '7000000506861135', '2020-04-03', '2020-04-16', 315, 4, 1, '2020-04-30', 99, 509, '未付款', 1);
INSERT INTO `order` VALUES (397, '3000002013612004', '2020-04-09', '2020-04-25', 317, 2, 1, '2020-04-30', 99, 427, '未付款', 1);
INSERT INTO `order` VALUES (398, '8000001015319749', '2020-05-14', '2020-05-15', 199, 2, 1, '2020-05-12', 86, 1, '已付款', 1);

-- ----------------------------
-- Table structure for order_list
-- ----------------------------
DROP TABLE IF EXISTS `order_list`;
CREATE TABLE `order_list`  (
  `olId` int(11) NOT NULL AUTO_INCREMENT,
  `orderId` int(11) NULL DEFAULT NULL COMMENT '订单id',
  `roomId` int(11) NULL DEFAULT NULL COMMENT '房间id',
  `contactId` int(11) NULL DEFAULT NULL COMMENT '联系人id(用于拿住房人的姓名、手机号)',
  PRIMARY KEY (`olId`) USING BTREE
) ENGINE = InnoDB AUTO_INCREMENT = 90 CHARACTER SET = utf8 COLLATE = utf8_general_ci ROW_FORMAT = Compact;

-- ----------------------------
-- Records of order_list
-- ----------------------------
INSERT INTO `order_list` VALUES (1, 1, 1, 2);
INSERT INTO `order_list` VALUES (2, 1, 2, 3);
INSERT INTO `order_list` VALUES (3, 2, 8, 1);
INSERT INTO `order_list` VALUES (4, 2, 8, 2);
INSERT INTO `order_list` VALUES (5, 2, 8, 3);
INSERT INTO `order_list` VALUES (6, 3, 9, 1);
INSERT INTO `order_list` VALUES (7, 5, 1, 1);
INSERT INTO `order_list` VALUES (8, 5, 1, 2);
INSERT INTO `order_list` VALUES (9, 6, 33, 3);
INSERT INTO `order_list` VALUES (10, 7, 55, -3);
INSERT INTO `order_list` VALUES (11, 7, 55, 1);
INSERT INTO `order_list` VALUES (12, 8, 66, 3);
INSERT INTO `order_list` VALUES (13, 9, 88, 3);
INSERT INTO `order_list` VALUES (14, 9, 88, 2);
INSERT INTO `order_list` VALUES (15, 10, 33, 3);
INSERT INTO `order_list` VALUES (16, 10, 22, 2);
INSERT INTO `order_list` VALUES (17, 10, 11, 1);
INSERT INTO `order_list` VALUES (18, 11, 96, 1);
INSERT INTO `order_list` VALUES (25, 229, 392, 24);
INSERT INTO `order_list` VALUES (26, 229, 392, 22);
INSERT INTO `order_list` VALUES (27, 230, 397, 24);
INSERT INTO `order_list` VALUES (28, 230, 397, 22);
INSERT INTO `order_list` VALUES (29, 234, 395, 24);
INSERT INTO `order_list` VALUES (30, 234, 395, 29);
INSERT INTO `order_list` VALUES (31, 236, 1, 24);
INSERT INTO `order_list` VALUES (32, 236, 1, 22);
INSERT INTO `order_list` VALUES (33, 236, 1, 29);
INSERT INTO `order_list` VALUES (34, 238, 2, 24);
INSERT INTO `order_list` VALUES (35, 239, 2, 24);
INSERT INTO `order_list` VALUES (36, 252, 577, 30);
INSERT INTO `order_list` VALUES (37, 252, 577, 24);
INSERT INTO `order_list` VALUES (38, 252, 577, NULL);
INSERT INTO `order_list` VALUES (39, 253, 3, 24);
INSERT INTO `order_list` VALUES (40, 253, 3, 30);
INSERT INTO `order_list` VALUES (41, 322, 2, 24);
INSERT INTO `order_list` VALUES (42, 323, 5, 24);
INSERT INTO `order_list` VALUES (43, 325, 2, 24);
INSERT INTO `order_list` VALUES (44, 326, 2, 24);
INSERT INTO `order_list` VALUES (45, 326, 2, 24);
INSERT INTO `order_list` VALUES (46, 327, 3, 34);
INSERT INTO `order_list` VALUES (47, 327, 3, 24);
INSERT INTO `order_list` VALUES (48, 361, 2, 34);
INSERT INTO `order_list` VALUES (49, 361, 2, 24);
INSERT INTO `order_list` VALUES (50, 362, 596, 24);
INSERT INTO `order_list` VALUES (51, 362, 596, 34);
INSERT INTO `order_list` VALUES (52, 362, 596, NULL);
INSERT INTO `order_list` VALUES (53, 362, 596, NULL);
INSERT INTO `order_list` VALUES (54, 362, 596, 24);
INSERT INTO `order_list` VALUES (55, 362, 596, 34);
INSERT INTO `order_list` VALUES (56, 363, 596, 24);
INSERT INTO `order_list` VALUES (57, 363, 596, 34);
INSERT INTO `order_list` VALUES (58, 368, 3, 24);
INSERT INTO `order_list` VALUES (59, 368, 3, 34);
INSERT INTO `order_list` VALUES (60, 369, 625, 24);
INSERT INTO `order_list` VALUES (61, 370, 2, 24);
INSERT INTO `order_list` VALUES (62, 370, 2, 34);
INSERT INTO `order_list` VALUES (63, 371, 2, 24);
INSERT INTO `order_list` VALUES (64, 377, 595, 5);
INSERT INTO `order_list` VALUES (65, 378, 595, 1);
INSERT INTO `order_list` VALUES (66, 378, 595, 1);
INSERT INTO `order_list` VALUES (67, 378, 595, 5);
INSERT INTO `order_list` VALUES (68, 379, 707, 37);
INSERT INTO `order_list` VALUES (69, 380, 3, 24);
INSERT INTO `order_list` VALUES (70, 380, 3, 34);
INSERT INTO `order_list` VALUES (71, 381, 4, 38);
INSERT INTO `order_list` VALUES (72, 382, 4, 38);
INSERT INTO `order_list` VALUES (73, 383, 591, 24);
INSERT INTO `order_list` VALUES (74, 384, 591, 26);
INSERT INTO `order_list` VALUES (75, 384, 591, 26);
INSERT INTO `order_list` VALUES (76, 385, 591, 26);
INSERT INTO `order_list` VALUES (77, 388, 591, 39);
INSERT INTO `order_list` VALUES (78, 389, 2, 40);
INSERT INTO `order_list` VALUES (79, 389, 2, 34);
INSERT INTO `order_list` VALUES (80, 390, 2, 24);
INSERT INTO `order_list` VALUES (81, 391, 1, 24);
INSERT INTO `order_list` VALUES (82, 392, 591, 24);
INSERT INTO `order_list` VALUES (83, 393, 694, 41);
INSERT INTO `order_list` VALUES (84, 393, 694, 41);
INSERT INTO `order_list` VALUES (85, 393, 694, 41);
INSERT INTO `order_list` VALUES (86, 394, 694, 41);
INSERT INTO `order_list` VALUES (87, 396, 707, 41);
INSERT INTO `order_list` VALUES (88, 397, 625, 41);
INSERT INTO `order_list` VALUES (89, 398, 2, 24);

-- ----------------------------
-- Table structure for room
-- ----------------------------
DROP TABLE IF EXISTS `room`;
CREATE TABLE `room`  (
  `rId` int(11) NOT NULL AUTO_INCREMENT COMMENT '序号',
  `roomTypeId` int(11) NOT NULL COMMENT '房间类型',
  `price` decimal(10, 2) NOT NULL COMMENT '房间价格（￥/每晚）',
  `ismeal` int(11) NOT NULL DEFAULT 0 COMMENT '0、无早餐1、1份早餐2、两份早餐',
  `peopleNum` int(11) NOT NULL DEFAULT 1 COMMENT '最大入住人数（1.2）',
  `hotelId` int(11) NOT NULL COMMENT '所属酒店id',
  `num` int(11) NOT NULL COMMENT '房间剩余数量',
  PRIMARY KEY (`rId`) USING BTREE
) ENGINE = InnoDB AUTO_INCREMENT = 733 CHARACTER SET = utf8 COLLATE = utf8_general_ci ROW_FORMAT = Compact;

-- ----------------------------
-- Records of room
-- ----------------------------
INSERT INTO `room` VALUES (1, 4, 356.00, 1, 1, 1, 0);
INSERT INTO `room` VALUES (2, 2, 199.00, 1, 2, 1, 6);
INSERT INTO `room` VALUES (3, 4, 298.00, 1, 1, 1, 9);
INSERT INTO `room` VALUES (4, 4, 1990.00, 1, 1, 1, 3);
INSERT INTO `room` VALUES (5, 3, 568.00, 0, 1, 1, 4);
INSERT INTO `room` VALUES (390, 2, 465.00, 0, 1, 2, 12);
INSERT INTO `room` VALUES (391, 2, 346.00, 1, 1, 3, 4);
INSERT INTO `room` VALUES (392, 2, 356.00, 0, 1, 4, 4);
INSERT INTO `room` VALUES (393, 2, 398.00, 0, 2, 7, 12);
INSERT INTO `room` VALUES (394, 2, 398.00, 0, 2, 8, 12);
INSERT INTO `room` VALUES (395, 2, 398.00, 0, 2, 9, 10);
INSERT INTO `room` VALUES (396, 2, 398.00, 0, 2, 10, 12);
INSERT INTO `room` VALUES (397, 2, 398.00, 0, 2, 11, 10);
INSERT INTO `room` VALUES (398, 2, 398.00, 0, 2, 12, 12);
INSERT INTO `room` VALUES (399, 2, 398.00, 0, 2, 13, 12);
INSERT INTO `room` VALUES (400, 2, 398.00, 0, 2, 14, 12);
INSERT INTO `room` VALUES (401, 2, 398.00, 0, 2, 15, 12);
INSERT INTO `room` VALUES (402, 2, 398.00, 0, 2, 16, 12);
INSERT INTO `room` VALUES (403, 2, 398.00, 0, 2, 17, 12);
INSERT INTO `room` VALUES (404, 2, 398.00, 0, 2, 18, 12);
INSERT INTO `room` VALUES (405, 2, 398.00, 0, 2, 19, 12);
INSERT INTO `room` VALUES (406, 2, 398.00, 0, 2, 20, 12);
INSERT INTO `room` VALUES (407, 2, 398.00, 0, 2, 21, 12);
INSERT INTO `room` VALUES (408, 2, 398.00, 0, 2, 22, 12);
INSERT INTO `room` VALUES (409, 2, 398.00, 0, 2, 23, 12);
INSERT INTO `room` VALUES (410, 2, 398.00, 0, 2, 24, 12);
INSERT INTO `room` VALUES (411, 2, 398.00, 0, 2, 25, 12);
INSERT INTO `room` VALUES (412, 2, 398.00, 0, 2, 26, 12);
INSERT INTO `room` VALUES (413, 2, 398.00, 0, 2, 27, 12);
INSERT INTO `room` VALUES (414, 2, 398.00, 0, 2, 28, 12);
INSERT INTO `room` VALUES (415, 2, 398.00, 0, 2, 29, 12);
INSERT INTO `room` VALUES (416, 2, 398.00, 0, 2, 30, 12);
INSERT INTO `room` VALUES (417, 2, 398.00, 0, 2, 31, 12);
INSERT INTO `room` VALUES (418, 2, 398.00, 0, 2, 32, 12);
INSERT INTO `room` VALUES (419, 2, 398.00, 0, 2, 33, 12);
INSERT INTO `room` VALUES (420, 2, 398.00, 0, 2, 34, 12);
INSERT INTO `room` VALUES (421, 2, 398.00, 0, 2, 35, 12);
INSERT INTO `room` VALUES (422, 2, 398.00, 0, 2, 36, 12);
INSERT INTO `room` VALUES (423, 2, 398.00, 0, 2, 37, 12);
INSERT INTO `room` VALUES (424, 2, 398.00, 0, 2, 38, 12);
INSERT INTO `room` VALUES (425, 2, 398.00, 0, 2, 39, 12);
INSERT INTO `room` VALUES (426, 2, 398.00, 0, 2, 40, 12);
INSERT INTO `room` VALUES (427, 2, 398.00, 0, 2, 41, 12);
INSERT INTO `room` VALUES (428, 2, 398.00, 0, 2, 42, 12);
INSERT INTO `room` VALUES (429, 2, 398.00, 0, 2, 43, 12);
INSERT INTO `room` VALUES (430, 2, 398.00, 0, 2, 44, 12);
INSERT INTO `room` VALUES (431, 2, 398.00, 0, 2, 45, 12);
INSERT INTO `room` VALUES (432, 2, 398.00, 0, 2, 46, 12);
INSERT INTO `room` VALUES (433, 2, 398.00, 0, 2, 47, 12);
INSERT INTO `room` VALUES (434, 2, 398.00, 0, 2, 48, 12);
INSERT INTO `room` VALUES (435, 2, 398.00, 0, 2, 49, 12);
INSERT INTO `room` VALUES (436, 2, 398.00, 0, 2, 50, 12);
INSERT INTO `room` VALUES (437, 2, 398.00, 0, 2, 51, 12);
INSERT INTO `room` VALUES (438, 2, 398.00, 0, 2, 52, 12);
INSERT INTO `room` VALUES (439, 2, 398.00, 0, 2, 53, 12);
INSERT INTO `room` VALUES (440, 2, 398.00, 0, 2, 54, 12);
INSERT INTO `room` VALUES (441, 2, 398.00, 0, 2, 55, 12);
INSERT INTO `room` VALUES (442, 2, 398.00, 0, 2, 56, 12);
INSERT INTO `room` VALUES (443, 2, 398.00, 0, 2, 57, 12);
INSERT INTO `room` VALUES (444, 2, 398.00, 0, 2, 58, 12);
INSERT INTO `room` VALUES (445, 2, 398.00, 0, 2, 59, 12);
INSERT INTO `room` VALUES (446, 2, 398.00, 0, 2, 60, 12);
INSERT INTO `room` VALUES (447, 2, 398.00, 0, 2, 61, 12);
INSERT INTO `room` VALUES (448, 2, 398.00, 0, 2, 62, 12);
INSERT INTO `room` VALUES (449, 2, 398.00, 0, 2, 63, 12);
INSERT INTO `room` VALUES (450, 2, 398.00, 0, 2, 64, 12);
INSERT INTO `room` VALUES (451, 2, 398.00, 0, 2, 65, 12);
INSERT INTO `room` VALUES (452, 2, 398.00, 0, 2, 66, 12);
INSERT INTO `room` VALUES (453, 2, 398.00, 0, 2, 67, 12);
INSERT INTO `room` VALUES (454, 2, 398.00, 0, 2, 68, 12);
INSERT INTO `room` VALUES (455, 2, 398.00, 0, 2, 69, 12);
INSERT INTO `room` VALUES (456, 2, 398.00, 0, 2, 70, 12);
INSERT INTO `room` VALUES (457, 2, 398.00, 0, 2, 71, 12);
INSERT INTO `room` VALUES (458, 2, 398.00, 0, 2, 72, 12);
INSERT INTO `room` VALUES (459, 2, 398.00, 0, 2, 73, 12);
INSERT INTO `room` VALUES (460, 2, 398.00, 0, 2, 74, 12);
INSERT INTO `room` VALUES (461, 2, 398.00, 0, 2, 75, 12);
INSERT INTO `room` VALUES (462, 2, 398.00, 0, 2, 76, 12);
INSERT INTO `room` VALUES (463, 2, 398.00, 0, 2, 77, 12);
INSERT INTO `room` VALUES (464, 2, 398.00, 0, 2, 78, 12);
INSERT INTO `room` VALUES (465, 2, 398.00, 0, 2, 79, 12);
INSERT INTO `room` VALUES (466, 2, 398.00, 0, 2, 80, 12);
INSERT INTO `room` VALUES (467, 2, 398.00, 0, 2, 81, 12);
INSERT INTO `room` VALUES (468, 2, 398.00, 0, 2, 82, 12);
INSERT INTO `room` VALUES (469, 2, 398.00, 0, 2, 83, 12);
INSERT INTO `room` VALUES (470, 2, 398.00, 0, 2, 84, 12);
INSERT INTO `room` VALUES (471, 2, 398.00, 0, 2, 85, 12);
INSERT INTO `room` VALUES (472, 2, 398.00, 0, 2, 86, 12);
INSERT INTO `room` VALUES (473, 2, 398.00, 0, 2, 87, 12);
INSERT INTO `room` VALUES (474, 2, 398.00, 0, 2, 88, 12);
INSERT INTO `room` VALUES (475, 2, 398.00, 0, 2, 89, 12);
INSERT INTO `room` VALUES (476, 2, 398.00, 0, 2, 90, 12);
INSERT INTO `room` VALUES (477, 2, 398.00, 0, 2, 91, 12);
INSERT INTO `room` VALUES (478, 2, 398.00, 0, 2, 92, 12);
INSERT INTO `room` VALUES (479, 2, 398.00, 0, 2, 93, 12);
INSERT INTO `room` VALUES (480, 2, 398.00, 0, 2, 94, 12);
INSERT INTO `room` VALUES (481, 2, 398.00, 0, 2, 95, 12);
INSERT INTO `room` VALUES (482, 2, 398.00, 0, 2, 96, 12);
INSERT INTO `room` VALUES (483, 2, 398.00, 0, 2, 97, 12);
INSERT INTO `room` VALUES (484, 2, 398.00, 0, 2, 98, 12);
INSERT INTO `room` VALUES (485, 2, 398.00, 0, 2, 99, 12);
INSERT INTO `room` VALUES (486, 2, 398.00, 0, 2, 100, 12);
INSERT INTO `room` VALUES (487, 2, 398.00, 0, 2, 101, 12);
INSERT INTO `room` VALUES (488, 2, 398.00, 0, 2, 102, 12);
INSERT INTO `room` VALUES (489, 2, 398.00, 0, 2, 103, 12);
INSERT INTO `room` VALUES (490, 2, 398.00, 0, 2, 104, 12);
INSERT INTO `room` VALUES (491, 2, 398.00, 0, 2, 105, 12);
INSERT INTO `room` VALUES (492, 2, 398.00, 0, 2, 106, 12);
INSERT INTO `room` VALUES (493, 2, 398.00, 0, 2, 107, 12);
INSERT INTO `room` VALUES (494, 2, 398.00, 0, 2, 108, 12);
INSERT INTO `room` VALUES (495, 2, 398.00, 0, 2, 109, 12);
INSERT INTO `room` VALUES (496, 2, 398.00, 0, 2, 110, 12);
INSERT INTO `room` VALUES (497, 2, 398.00, 0, 2, 111, 12);
INSERT INTO `room` VALUES (498, 2, 398.00, 0, 2, 112, 12);
INSERT INTO `room` VALUES (499, 2, 398.00, 0, 2, 113, 12);
INSERT INTO `room` VALUES (500, 2, 398.00, 0, 2, 114, 12);
INSERT INTO `room` VALUES (501, 2, 398.00, 0, 2, 115, 12);
INSERT INTO `room` VALUES (502, 2, 398.00, 0, 2, 116, 12);
INSERT INTO `room` VALUES (503, 2, 398.00, 0, 2, 117, 12);
INSERT INTO `room` VALUES (504, 2, 398.00, 0, 2, 118, 12);
INSERT INTO `room` VALUES (505, 2, 398.00, 0, 2, 119, 12);
INSERT INTO `room` VALUES (506, 2, 398.00, 0, 2, 120, 12);
INSERT INTO `room` VALUES (507, 2, 398.00, 0, 2, 121, 12);
INSERT INTO `room` VALUES (508, 2, 398.00, 0, 2, 122, 12);
INSERT INTO `room` VALUES (509, 2, 398.00, 0, 2, 123, 12);
INSERT INTO `room` VALUES (510, 2, 398.00, 0, 2, 124, 12);
INSERT INTO `room` VALUES (511, 2, 398.00, 0, 2, 125, 12);
INSERT INTO `room` VALUES (512, 2, 398.00, 0, 2, 126, 12);
INSERT INTO `room` VALUES (513, 2, 398.00, 0, 2, 127, 12);
INSERT INTO `room` VALUES (514, 2, 398.00, 0, 2, 128, 12);
INSERT INTO `room` VALUES (515, 2, 398.00, 0, 2, 129, 12);
INSERT INTO `room` VALUES (516, 2, 398.00, 0, 2, 130, 12);
INSERT INTO `room` VALUES (517, 2, 398.00, 0, 2, 131, 12);
INSERT INTO `room` VALUES (518, 2, 398.00, 0, 2, 132, 12);
INSERT INTO `room` VALUES (519, 2, 398.00, 0, 2, 133, 12);
INSERT INTO `room` VALUES (520, 2, 398.00, 0, 2, 134, 12);
INSERT INTO `room` VALUES (521, 2, 398.00, 0, 2, 135, 12);
INSERT INTO `room` VALUES (522, 2, 398.00, 0, 2, 136, 12);
INSERT INTO `room` VALUES (523, 2, 398.00, 0, 2, 137, 12);
INSERT INTO `room` VALUES (524, 2, 398.00, 0, 2, 138, 12);
INSERT INTO `room` VALUES (525, 2, 398.00, 0, 2, 139, 12);
INSERT INTO `room` VALUES (526, 2, 398.00, 0, 2, 140, 12);
INSERT INTO `room` VALUES (527, 2, 398.00, 0, 2, 141, 12);
INSERT INTO `room` VALUES (528, 2, 398.00, 0, 2, 142, 12);
INSERT INTO `room` VALUES (529, 2, 398.00, 0, 2, 143, 12);
INSERT INTO `room` VALUES (530, 2, 398.00, 0, 2, 144, 12);
INSERT INTO `room` VALUES (531, 2, 398.00, 0, 2, 145, 12);
INSERT INTO `room` VALUES (532, 2, 398.00, 0, 2, 146, 12);
INSERT INTO `room` VALUES (533, 2, 398.00, 0, 2, 147, 12);
INSERT INTO `room` VALUES (534, 2, 398.00, 0, 2, 148, 12);
INSERT INTO `room` VALUES (535, 2, 398.00, 0, 2, 149, 12);
INSERT INTO `room` VALUES (536, 2, 398.00, 0, 2, 150, 12);
INSERT INTO `room` VALUES (537, 2, 398.00, 0, 2, 151, 12);
INSERT INTO `room` VALUES (538, 2, 398.00, 0, 2, 152, 12);
INSERT INTO `room` VALUES (539, 2, 398.00, 0, 2, 153, 12);
INSERT INTO `room` VALUES (540, 2, 398.00, 0, 2, 154, 12);
INSERT INTO `room` VALUES (541, 2, 398.00, 0, 2, 155, 12);
INSERT INTO `room` VALUES (542, 2, 398.00, 0, 2, 156, 12);
INSERT INTO `room` VALUES (543, 2, 398.00, 0, 2, 157, 12);
INSERT INTO `room` VALUES (544, 2, 398.00, 0, 2, 158, 12);
INSERT INTO `room` VALUES (545, 2, 398.00, 0, 2, 159, 12);
INSERT INTO `room` VALUES (546, 2, 398.00, 0, 2, 160, 12);
INSERT INTO `room` VALUES (547, 2, 398.00, 0, 2, 161, 12);
INSERT INTO `room` VALUES (548, 2, 398.00, 0, 2, 162, 12);
INSERT INTO `room` VALUES (549, 2, 398.00, 0, 2, 163, 12);
INSERT INTO `room` VALUES (550, 2, 398.00, 0, 2, 164, 12);
INSERT INTO `room` VALUES (551, 2, 398.00, 0, 2, 165, 12);
INSERT INTO `room` VALUES (552, 2, 398.00, 0, 2, 166, 12);
INSERT INTO `room` VALUES (553, 2, 398.00, 0, 2, 167, 12);
INSERT INTO `room` VALUES (554, 2, 398.00, 0, 2, 168, 12);
INSERT INTO `room` VALUES (555, 2, 398.00, 0, 2, 169, 12);
INSERT INTO `room` VALUES (556, 2, 398.00, 0, 2, 170, 12);
INSERT INTO `room` VALUES (557, 2, 398.00, 0, 2, 171, 12);
INSERT INTO `room` VALUES (558, 2, 398.00, 0, 2, 172, 12);
INSERT INTO `room` VALUES (559, 2, 398.00, 0, 2, 173, 12);
INSERT INTO `room` VALUES (560, 2, 398.00, 0, 2, 174, 12);
INSERT INTO `room` VALUES (561, 2, 398.00, 0, 2, 175, 12);
INSERT INTO `room` VALUES (562, 2, 398.00, 0, 2, 176, 12);
INSERT INTO `room` VALUES (563, 2, 398.00, 0, 2, 177, 12);
INSERT INTO `room` VALUES (564, 2, 398.00, 0, 2, 178, 12);
INSERT INTO `room` VALUES (565, 2, 398.00, 0, 2, 179, 12);
INSERT INTO `room` VALUES (566, 2, 398.00, 0, 2, 180, 12);
INSERT INTO `room` VALUES (567, 2, 398.00, 0, 2, 181, 12);
INSERT INTO `room` VALUES (568, 2, 398.00, 0, 2, 182, 12);
INSERT INTO `room` VALUES (569, 2, 398.00, 0, 2, 183, 12);
INSERT INTO `room` VALUES (570, 2, 398.00, 0, 2, 184, 12);
INSERT INTO `room` VALUES (571, 2, 398.00, 0, 2, 185, 12);
INSERT INTO `room` VALUES (572, 2, 398.00, 0, 2, 186, 12);
INSERT INTO `room` VALUES (573, 2, 398.00, 0, 2, 187, 12);
INSERT INTO `room` VALUES (574, 2, 398.00, 0, 2, 188, 12);
INSERT INTO `room` VALUES (575, 2, 398.00, 0, 2, 189, 12);
INSERT INTO `room` VALUES (576, 2, 398.00, 0, 2, 190, 12);
INSERT INTO `room` VALUES (577, 3, 339.00, 1, 1, 379, 3);
INSERT INTO `room` VALUES (578, 4, 424.00, 1, 1, 380, 10);
INSERT INTO `room` VALUES (579, 1, 564.00, 0, 1, 381, 9);
INSERT INTO `room` VALUES (580, 1, 521.00, 0, 1, 382, 10);
INSERT INTO `room` VALUES (581, 4, 592.00, 0, 1, 383, 10);
INSERT INTO `room` VALUES (582, 2, 597.00, 0, 1, 384, 11);
INSERT INTO `room` VALUES (583, 2, 450.00, 0, 1, 385, 8);
INSERT INTO `room` VALUES (584, 2, 541.00, 0, 1, 386, 7);
INSERT INTO `room` VALUES (585, 2, 544.00, 1, 1, 387, 11);
INSERT INTO `room` VALUES (586, 2, 490.00, 0, 1, 388, 10);
INSERT INTO `room` VALUES (587, 3, 537.00, 1, 1, 389, 7);
INSERT INTO `room` VALUES (588, 2, 509.00, 1, 1, 390, 10);
INSERT INTO `room` VALUES (589, 3, 407.00, 1, 1, 391, 7);
INSERT INTO `room` VALUES (590, 3, 530.00, 0, 1, 392, 9);
INSERT INTO `room` VALUES (591, 3, 307.00, 1, 1, 393, 4);
INSERT INTO `room` VALUES (592, 3, 504.00, 1, 1, 394, 8);
INSERT INTO `room` VALUES (593, 2, 421.00, 0, 1, 395, 9);
INSERT INTO `room` VALUES (594, 1, 512.00, 0, 1, 396, 6);
INSERT INTO `room` VALUES (595, 4, 306.00, 0, 1, 397, 4);
INSERT INTO `room` VALUES (596, 3, 346.00, 1, 1, 398, 2);
INSERT INTO `room` VALUES (597, 2, 555.00, 1, 1, 399, 11);
INSERT INTO `room` VALUES (598, 3, 543.00, 1, 1, 400, 11);
INSERT INTO `room` VALUES (599, 2, 427.00, 1, 1, 401, 7);
INSERT INTO `room` VALUES (600, 1, 347.00, 1, 1, 402, 9);
INSERT INTO `room` VALUES (601, 2, 422.00, 0, 1, 403, 10);
INSERT INTO `room` VALUES (602, 3, 431.00, 1, 1, 404, 6);
INSERT INTO `room` VALUES (603, 2, 597.00, 1, 1, 405, 8);
INSERT INTO `room` VALUES (604, 4, 587.00, 1, 1, 406, 7);
INSERT INTO `room` VALUES (605, 4, 464.00, 1, 1, 407, 6);
INSERT INTO `room` VALUES (606, 3, 389.00, 0, 1, 408, 11);
INSERT INTO `room` VALUES (607, 4, 397.00, 1, 1, 409, 10);
INSERT INTO `room` VALUES (608, 1, 372.00, 1, 1, 410, 7);
INSERT INTO `room` VALUES (609, 3, 354.00, 1, 1, 411, 7);
INSERT INTO `room` VALUES (610, 4, 485.00, 1, 1, 412, 9);
INSERT INTO `room` VALUES (611, 3, 481.00, 0, 1, 413, 6);
INSERT INTO `room` VALUES (612, 3, 419.00, 0, 1, 414, 11);
INSERT INTO `room` VALUES (613, 3, 461.00, 0, 1, 415, 11);
INSERT INTO `room` VALUES (614, 1, 502.00, 0, 1, 416, 7);
INSERT INTO `room` VALUES (615, 1, 527.00, 0, 1, 417, 10);
INSERT INTO `room` VALUES (616, 1, 427.00, 0, 1, 418, 8);
INSERT INTO `room` VALUES (617, 3, 536.00, 1, 1, 419, 11);
INSERT INTO `room` VALUES (618, 1, 348.00, 1, 1, 420, 11);
INSERT INTO `room` VALUES (619, 3, 492.00, 1, 1, 421, 9);
INSERT INTO `room` VALUES (620, 3, 565.00, 1, 1, 422, 9);
INSERT INTO `room` VALUES (621, 2, 560.00, 1, 1, 423, 7);
INSERT INTO `room` VALUES (622, 2, 572.00, 1, 1, 424, 10);
INSERT INTO `room` VALUES (623, 1, 499.00, 0, 1, 425, 8);
INSERT INTO `room` VALUES (624, 4, 452.00, 0, 1, 426, 7);
INSERT INTO `room` VALUES (625, 2, 317.00, 1, 1, 427, 4);
INSERT INTO `room` VALUES (626, 2, 435.00, 0, 1, 428, 10);
INSERT INTO `room` VALUES (627, 1, 421.00, 0, 1, 429, 7);
INSERT INTO `room` VALUES (628, 4, 557.00, 1, 1, 430, 6);
INSERT INTO `room` VALUES (629, 1, 521.00, 1, 1, 431, 11);
INSERT INTO `room` VALUES (630, 3, 585.00, 1, 1, 432, 11);
INSERT INTO `room` VALUES (631, 4, 502.00, 1, 1, 433, 7);
INSERT INTO `room` VALUES (632, 2, 487.00, 0, 1, 434, 9);
INSERT INTO `room` VALUES (633, 1, 575.00, 0, 1, 435, 6);
INSERT INTO `room` VALUES (634, 3, 585.00, 1, 1, 436, 9);
INSERT INTO `room` VALUES (635, 1, 479.00, 1, 1, 437, 11);
INSERT INTO `room` VALUES (636, 1, 593.00, 1, 1, 438, 7);
INSERT INTO `room` VALUES (637, 2, 585.00, 0, 1, 439, 8);
INSERT INTO `room` VALUES (638, 1, 447.00, 1, 1, 440, 11);
INSERT INTO `room` VALUES (639, 2, 333.00, 1, 1, 441, 11);
INSERT INTO `room` VALUES (640, 2, 467.00, 0, 1, 442, 11);
INSERT INTO `room` VALUES (641, 1, 595.00, 0, 1, 443, 10);
INSERT INTO `room` VALUES (642, 3, 319.00, 0, 1, 444, 11);
INSERT INTO `room` VALUES (643, 4, 445.00, 1, 1, 445, 11);
INSERT INTO `room` VALUES (644, 3, 460.00, 1, 1, 446, 9);
INSERT INTO `room` VALUES (645, 4, 490.00, 0, 1, 447, 10);
INSERT INTO `room` VALUES (646, 4, 578.00, 0, 1, 448, 10);
INSERT INTO `room` VALUES (647, 1, 381.00, 1, 1, 449, 8);
INSERT INTO `room` VALUES (648, 2, 382.00, 0, 1, 450, 8);
INSERT INTO `room` VALUES (649, 3, 413.00, 1, 1, 451, 9);
INSERT INTO `room` VALUES (650, 3, 375.00, 1, 1, 452, 8);
INSERT INTO `room` VALUES (651, 2, 381.00, 0, 1, 453, 8);
INSERT INTO `room` VALUES (652, 4, 336.00, 0, 1, 454, 7);
INSERT INTO `room` VALUES (653, 3, 352.00, 0, 1, 455, 7);
INSERT INTO `room` VALUES (654, 2, 486.00, 0, 1, 456, 7);
INSERT INTO `room` VALUES (655, 1, 578.00, 0, 1, 457, 10);
INSERT INTO `room` VALUES (656, 2, 519.00, 0, 1, 458, 6);
INSERT INTO `room` VALUES (657, 1, 542.00, 1, 1, 459, 6);
INSERT INTO `room` VALUES (658, 3, 416.00, 0, 1, 460, 11);
INSERT INTO `room` VALUES (659, 3, 522.00, 1, 1, 461, 7);
INSERT INTO `room` VALUES (660, 3, 469.00, 1, 1, 462, 10);
INSERT INTO `room` VALUES (661, 3, 430.00, 0, 1, 463, 8);
INSERT INTO `room` VALUES (662, 4, 407.00, 0, 1, 464, 7);
INSERT INTO `room` VALUES (663, 2, 332.00, 0, 1, 465, 10);
INSERT INTO `room` VALUES (664, 3, 575.00, 1, 1, 466, 10);
INSERT INTO `room` VALUES (665, 2, 569.00, 0, 1, 467, 8);
INSERT INTO `room` VALUES (666, 4, 408.00, 0, 1, 468, 10);
INSERT INTO `room` VALUES (667, 4, 349.00, 0, 1, 469, 7);
INSERT INTO `room` VALUES (668, 1, 328.00, 1, 1, 470, 7);
INSERT INTO `room` VALUES (669, 3, 361.00, 0, 1, 471, 9);
INSERT INTO `room` VALUES (670, 1, 331.00, 0, 1, 472, 8);
INSERT INTO `room` VALUES (671, 2, 330.00, 0, 1, 473, 9);
INSERT INTO `room` VALUES (672, 1, 345.00, 1, 1, 474, 8);
INSERT INTO `room` VALUES (673, 1, 532.00, 1, 1, 475, 8);
INSERT INTO `room` VALUES (674, 3, 585.00, 1, 1, 476, 9);
INSERT INTO `room` VALUES (675, 3, 427.00, 1, 1, 477, 10);
INSERT INTO `room` VALUES (676, 4, 528.00, 0, 1, 478, 9);
INSERT INTO `room` VALUES (677, 1, 568.00, 1, 1, 479, 11);
INSERT INTO `room` VALUES (678, 3, 594.00, 0, 1, 480, 9);
INSERT INTO `room` VALUES (679, 4, 519.00, 1, 1, 481, 7);
INSERT INTO `room` VALUES (680, 1, 492.00, 0, 1, 482, 9);
INSERT INTO `room` VALUES (681, 3, 566.00, 0, 1, 483, 9);
INSERT INTO `room` VALUES (682, 4, 580.00, 1, 1, 484, 8);
INSERT INTO `room` VALUES (683, 2, 423.00, 1, 1, 485, 6);
INSERT INTO `room` VALUES (684, 4, 336.00, 1, 1, 486, 6);
INSERT INTO `room` VALUES (685, 2, 454.00, 1, 1, 487, 7);
INSERT INTO `room` VALUES (686, 3, 449.00, 1, 1, 488, 9);
INSERT INTO `room` VALUES (687, 1, 561.00, 0, 1, 489, 8);
INSERT INTO `room` VALUES (688, 2, 380.00, 0, 1, 490, 9);
INSERT INTO `room` VALUES (689, 4, 328.00, 1, 1, 491, 11);
INSERT INTO `room` VALUES (690, 3, 430.00, 1, 1, 492, 10);
INSERT INTO `room` VALUES (691, 2, 502.00, 1, 1, 493, 8);
INSERT INTO `room` VALUES (692, 3, 343.00, 1, 1, 494, 10);
INSERT INTO `room` VALUES (693, 4, 555.00, 0, 1, 495, 9);
INSERT INTO `room` VALUES (694, 4, 315.00, 1, 1, 496, 2);
INSERT INTO `room` VALUES (695, 3, 362.00, 0, 1, 497, 10);
INSERT INTO `room` VALUES (696, 2, 490.00, 0, 1, 498, 10);
INSERT INTO `room` VALUES (697, 2, 593.00, 0, 1, 499, 11);
INSERT INTO `room` VALUES (698, 2, 462.00, 0, 1, 500, 6);
INSERT INTO `room` VALUES (699, 3, 388.00, 0, 1, 501, 7);
INSERT INTO `room` VALUES (700, 3, 418.00, 1, 1, 502, 6);
INSERT INTO `room` VALUES (701, 3, 580.00, 1, 1, 503, 11);
INSERT INTO `room` VALUES (702, 2, 493.00, 1, 1, 504, 9);
INSERT INTO `room` VALUES (703, 2, 380.00, 1, 1, 505, 6);
INSERT INTO `room` VALUES (704, 4, 412.00, 0, 1, 506, 10);
INSERT INTO `room` VALUES (705, 1, 433.00, 0, 1, 507, 8);
INSERT INTO `room` VALUES (706, 3, 352.00, 1, 1, 508, 9);
INSERT INTO `room` VALUES (707, 4, 315.00, 0, 1, 509, 4);
INSERT INTO `room` VALUES (708, 4, 438.00, 1, 1, 510, 6);
INSERT INTO `room` VALUES (709, 3, 524.00, 1, 1, 511, 6);
INSERT INTO `room` VALUES (710, 2, 565.00, 1, 1, 512, 6);
INSERT INTO `room` VALUES (711, 4, 501.00, 1, 1, 513, 11);
INSERT INTO `room` VALUES (712, 4, 507.00, 0, 1, 514, 9);
INSERT INTO `room` VALUES (713, 3, 461.00, 0, 1, 515, 10);
INSERT INTO `room` VALUES (714, 1, 354.00, 1, 1, 516, 11);
INSERT INTO `room` VALUES (715, 3, 535.00, 0, 1, 517, 8);
INSERT INTO `room` VALUES (716, 4, 482.00, 1, 1, 518, 10);
INSERT INTO `room` VALUES (717, 2, 350.00, 1, 1, 519, 6);
INSERT INTO `room` VALUES (718, 4, 361.00, 1, 1, 520, 6);
INSERT INTO `room` VALUES (719, 3, 494.00, 0, 1, 521, 6);
INSERT INTO `room` VALUES (720, 3, 347.00, 1, 1, 522, 8);
INSERT INTO `room` VALUES (721, 1, 457.00, 0, 1, 523, 7);
INSERT INTO `room` VALUES (722, 2, 514.00, 1, 1, 524, 11);
INSERT INTO `room` VALUES (723, 4, 319.00, 0, 1, 525, 9);
INSERT INTO `room` VALUES (724, 3, 518.00, 1, 1, 526, 11);
INSERT INTO `room` VALUES (725, 1, 353.00, 0, 1, 527, 6);
INSERT INTO `room` VALUES (726, 1, 410.00, 0, 1, 528, 6);
INSERT INTO `room` VALUES (727, 3, 546.00, 0, 1, 529, 8);
INSERT INTO `room` VALUES (728, 2, 529.00, 1, 1, 530, 10);
INSERT INTO `room` VALUES (729, 4, 364.00, 0, 1, 531, 9);
INSERT INTO `room` VALUES (730, 2, 546.00, 1, 1, 532, 8);
INSERT INTO `room` VALUES (731, 2, 320.00, 0, 1, 533, 11);
INSERT INTO `room` VALUES (732, 2, 446.00, 0, 1, 534, 8);

-- ----------------------------
-- Table structure for room_ordertimes
-- ----------------------------
DROP TABLE IF EXISTS `room_ordertimes`;
CREATE TABLE `room_ordertimes`  (
  `id` int(11) NOT NULL AUTO_INCREMENT COMMENT '序号',
  `room_id` int(11) NULL DEFAULT NULL COMMENT '房间id',
  `in_time` datetime(0) NULL DEFAULT NULL COMMENT '入住时间',
  `out_time` datetime(0) NULL DEFAULT NULL COMMENT '离宿时间',
  `hotel_id` int(11) NULL DEFAULT NULL COMMENT '旅馆ID',
  `roomTypeId` int(255) NULL DEFAULT NULL COMMENT '房间类型',
  PRIMARY KEY (`id`) USING BTREE
) ENGINE = InnoDB AUTO_INCREMENT = 8 CHARACTER SET = utf8 COLLATE = utf8_general_ci ROW_FORMAT = Compact;

-- ----------------------------
-- Records of room_ordertimes
-- ----------------------------
INSERT INTO `room_ordertimes` VALUES (1, 203, '2019-12-18 00:00:00', '2019-12-19 00:00:00', 2, 2);
INSERT INTO `room_ordertimes` VALUES (2, 204, '2019-12-19 00:00:00', '2019-12-21 00:00:00', 2, 2);
INSERT INTO `room_ordertimes` VALUES (3, 107, '2019-12-19 00:00:00', '2019-12-20 00:00:00', 1, 2);
INSERT INTO `room_ordertimes` VALUES (4, 109, '2019-12-20 00:00:00', '2019-12-25 00:00:00', 1, 4);
INSERT INTO `room_ordertimes` VALUES (5, 107, '2019-12-22 19:08:58', '2019-12-24 19:09:23', 1, 2);
INSERT INTO `room_ordertimes` VALUES (6, 108, '2019-12-19 09:33:39', '2019-12-22 09:33:42', 1, 2);
INSERT INTO `room_ordertimes` VALUES (7, 109, '2019-12-19 10:38:12', '2019-12-20 10:38:15', 1, 2);

-- ----------------------------
-- Table structure for room_type
-- ----------------------------
DROP TABLE IF EXISTS `room_type`;
CREATE TABLE `room_type`  (
  `rtId` int(11) NOT NULL AUTO_INCREMENT COMMENT 'id',
  `type` varchar(255) CHARACTER SET utf8 COLLATE utf8_general_ci NOT NULL COMMENT '房间类型',
  PRIMARY KEY (`rtId`) USING BTREE
) ENGINE = InnoDB AUTO_INCREMENT = 5 CHARACTER SET = utf8 COLLATE = utf8_general_ci ROW_FORMAT = Compact;

-- ----------------------------
-- Records of room_type
-- ----------------------------
INSERT INTO `room_type` VALUES (1, '大床房');
INSERT INTO `room_type` VALUES (2, '双床房');
INSERT INTO `room_type` VALUES (3, '多床房');
INSERT INTO `room_type` VALUES (4, '单间');

-- ----------------------------
-- Table structure for user
-- ----------------------------
DROP TABLE IF EXISTS `user`;
CREATE TABLE `user`  (
  `uId` int(11) NOT NULL AUTO_INCREMENT,
  `realName` varchar(255) CHARACTER SET utf8 COLLATE utf8_general_ci NULL DEFAULT NULL,
  `gender` varchar(255) CHARACTER SET utf8 COLLATE utf8_general_ci NULL DEFAULT NULL COMMENT '男\\女',
  `mobile` varchar(255) CHARACTER SET utf8 COLLATE utf8_general_ci NOT NULL COMMENT '手机号',
  `password` varchar(255) CHARACTER SET utf8 COLLATE utf8_general_ci NOT NULL COMMENT '密码',
  PRIMARY KEY (`uId`) USING BTREE
) ENGINE = InnoDB AUTO_INCREMENT = 100 CHARACTER SET = utf8 COLLATE = utf8_general_ci ROW_FORMAT = Compact;

-- ----------------------------
-- Records of user
-- ----------------------------
INSERT INTO `user` VALUES (1, '小强', '男', '15722168742', '1234567');
INSERT INTO `user` VALUES (2, 'yangders', '男', '15233819232', '123456');
INSERT INTO `user` VALUES (3, '陈维榴', '男', '15611555159', '123123');
INSERT INTO `user` VALUES (56, 'sky', '男', '18811888811', '890890');
INSERT INTO `user` VALUES (86, '王磊', '男', '17732037217', '113322');
INSERT INTO `user` VALUES (87, '王佳俊', '男', '18812130184', 'wjjnag');
INSERT INTO `user` VALUES (88, NULL, NULL, '13222111122', '123123');
INSERT INTO `user` VALUES (89, '王磊', '男', '13111333311', '123123');
INSERT INTO `user` VALUES (90, NULL, NULL, '15097759851', '123456');
INSERT INTO `user` VALUES (91, NULL, NULL, '15515115511', '123456');
INSERT INTO `user` VALUES (92, NULL, NULL, '15855885588', '123456');
INSERT INTO `user` VALUES (93, NULL, NULL, '13355661231', '111111');
INSERT INTO `user` VALUES (94, NULL, NULL, '13245678944', '222');
INSERT INTO `user` VALUES (95, NULL, NULL, '17732038956', '223311');
INSERT INTO `user` VALUES (96, '赵丹', '女', '15321056758', '123456');
INSERT INTO `user` VALUES (97, 'chen', '男', '13780527775', '123456');
INSERT INTO `user` VALUES (98, NULL, NULL, '18812008919', '112233');
INSERT INTO `user` VALUES (99, 'kuaikuai', '女', '17860901241', '123456');

-- ----------------------------
-- Table structure for user_contact
-- ----------------------------
DROP TABLE IF EXISTS `user_contact`;
CREATE TABLE `user_contact`  (
  `id` int(11) NOT NULL AUTO_INCREMENT COMMENT '自增id',
  `uId` int(11) NOT NULL,
  `cId` int(11) NOT NULL,
  PRIMARY KEY (`id`) USING BTREE
) ENGINE = InnoDB AUTO_INCREMENT = 51 CHARACTER SET = utf8 COLLATE = utf8_general_ci ROW_FORMAT = Compact;

-- ----------------------------
-- Records of user_contact
-- ----------------------------
INSERT INTO `user_contact` VALUES (6, 3, 12);
INSERT INTO `user_contact` VALUES (9, 2, 1);
INSERT INTO `user_contact` VALUES (10, 2, 5);
INSERT INTO `user_contact` VALUES (13, 2, 8);
INSERT INTO `user_contact` VALUES (14, 3, 13);
INSERT INTO `user_contact` VALUES (15, 3, 14);
INSERT INTO `user_contact` VALUES (16, 0, 15);
INSERT INTO `user_contact` VALUES (17, 3, 16);
INSERT INTO `user_contact` VALUES (23, 55, 22);
INSERT INTO `user_contact` VALUES (25, 55, 24);
INSERT INTO `user_contact` VALUES (27, 64, 24);
INSERT INTO `user_contact` VALUES (28, 65, 26);
INSERT INTO `user_contact` VALUES (29, 65, 27);
INSERT INTO `user_contact` VALUES (31, 66, 24);
INSERT INTO `user_contact` VALUES (32, 66, 22);
INSERT INTO `user_contact` VALUES (33, 66, 29);
INSERT INTO `user_contact` VALUES (34, 83, 24);
INSERT INTO `user_contact` VALUES (35, 83, 30);
INSERT INTO `user_contact` VALUES (36, 1, 31);
INSERT INTO `user_contact` VALUES (37, 84, 32);
INSERT INTO `user_contact` VALUES (38, 82, 33);
INSERT INTO `user_contact` VALUES (39, 85, 24);
INSERT INTO `user_contact` VALUES (40, 86, 24);
INSERT INTO `user_contact` VALUES (41, 86, 34);
INSERT INTO `user_contact` VALUES (44, 89, 37);
INSERT INTO `user_contact` VALUES (45, 96, 38);
INSERT INTO `user_contact` VALUES (46, 96, 24);
INSERT INTO `user_contact` VALUES (47, 87, 26);
INSERT INTO `user_contact` VALUES (48, 97, 39);
INSERT INTO `user_contact` VALUES (49, 86, 40);
INSERT INTO `user_contact` VALUES (50, 99, 41);

SET FOREIGN_KEY_CHECKS = 1;
